-- phpMyAdmin SQL Dump
-- version 3.3.9.2
-- http://www.phpmyadmin.net
--
-- Host: localhost
-- Generation Time: Jun 27, 2011 at 06:33 PM
-- Server version: 5.1.52
-- PHP Version: 5.3.3

SET SQL_MODE="NO_AUTO_VALUE_ON_ZERO";


/*!40101 SET @OLD_CHARACTER_SET_CLIENT=@@CHARACTER_SET_CLIENT */;
/*!40101 SET @OLD_CHARACTER_SET_RESULTS=@@CHARACTER_SET_RESULTS */;
/*!40101 SET @OLD_COLLATION_CONNECTION=@@COLLATION_CONNECTION */;
/*!40101 SET NAMES utf8 */;

--
-- Database: `admin-api`
--

-- --------------------------------------------------------

--
-- Table structure for table `api_destinations`
--

CREATE TABLE IF NOT EXISTS `api_destinations` (
  `ad_index` int(10) NOT NULL DEFAULT '0',
  `ad_name` varchar(50) COLLATE utf8_unicode_ci DEFAULT NULL,
  `ad_url` varchar(50) COLLATE utf8_unicode_ci DEFAULT NULL,
  `ad_ip` varchar(50) COLLATE utf8_unicode_ci DEFAULT NULL,
  `ad_update` datetime DEFAULT NULL,
  PRIMARY KEY (`ad_index`)
) ENGINE=InnoDB DEFAULT CHARSET=utf8 COLLATE=utf8_unicode_ci ROW_FORMAT=COMPACT;

--
-- Dumping data for table `api_destinations`
--

INSERT INTO `api_destinations` (`ad_index`, `ad_name`, `ad_url`, `ad_ip`, `ad_update`) VALUES
(1, 'admin-api', 'http://podcast-api-dev.open.ac.uk', '137.108.130.170', '2011-06-10 10:02:09'),
(2, 'admin-app', 'http://podcast-callback-dev.open.ac.uk', '137.108.130.70', '2011-06-10 10:01:59'),
(3, 'media-api', 'http://media-podcast-api-dev.open.ac.uk', '137.108.130.115', '2011-06-10 10:05:04'),
(4, 'encoder-api', 'http://kmi-encoder04/', '137.108.24.36', '2011-06-10 10:05:04');

-- --------------------------------------------------------

--
-- Table structure for table `api_end_points`
--

CREATE TABLE IF NOT EXISTS `api_end_points` (
  `ep_index` int(10) NOT NULL DEFAULT '0',
  `ep_filetype` varchar(50) COLLATE utf8_unicode_ci DEFAULT NULL,
  `ep_path` varchar(50) COLLATE utf8_unicode_ci DEFAULT NULL,
  `ep_update` datetime DEFAULT NULL,
  PRIMARY KEY (`ep_index`)
) ENGINE=InnoDB DEFAULT CHARSET=utf8 COLLATE=utf8_unicode_ci ROW_FORMAT=COMPACT;

--
-- Dumping data for table `api_end_points`
--

INSERT INTO `api_end_points` (`ep_index`, `ep_filetype`, `ep_path`, `ep_update`) VALUES
(1, 'video-wide', '/video-wide', '2011-06-10 10:02:09'),
(2, 'audio', '/audio', '2011-06-10 10:01:59');

-- --------------------------------------------------------

--
-- Table structure for table `api_log`
--

CREATE TABLE IF NOT EXISTS `api_log` (
  `al_index` int(10) NOT NULL AUTO_INCREMENT,
  `al_message` text COLLATE utf8_unicode_ci,
  `al_reply` text COLLATE utf8_unicode_ci,
  `al_result_data` text COLLATE utf8_unicode_ci,
  `al_timestamp` datetime DEFAULT NULL,
  PRIMARY KEY (`al_index`)
) ENGINE=InnoDB  DEFAULT CHARSET=utf8 COLLATE=utf8_unicode_ci AUTO_INCREMENT=828 ;

--
-- Dumping data for table `api_log`
--

INSERT INTO `api_log` (`al_index`, `al_message`, `al_reply`, `al_result_data`, `al_timestamp`) VALUES
(335, 'mess={"command":"transfer-file-to-media-server","number":3,"data":[{"source_path":"1471_itunesstuff","destination_path":"1471_itunesstuff","filename":"P_1471.jpg"},{"source_path":"1471_itunesstuff","destination_path":"1471_itunesstuff","filename":"P_1471_std.jpg"},{"source_path":"1471_itunesstuff","destination_path":"1471_itunesstuff","filename":"P_1471_thm.jpg"}],"timestamp":1308923447}', 'a:1:{i:0;a:6:{s:7:"command";s:29:"transfer-file-to-media-server";s:6:"number";i:3;s:4:"data";s:17:"Queued admin-api!";s:6:"status";s:3:"ACK";s:9:"timestamp";i:1308923447;s:7:"mqIndex";i:72;}}', NULL, '2011-06-24 14:50:47'),
(336, 'mess={"command":"transfer-file-to-media-server","number":15,"data":[{"source_path":"1471_itunesstuff/3gp/","destination_path":"1471_itunesstuff/3gp/","filename":"rss2.xml"},{"source_path":"1471_itunesstuff/audio/","destination_path":"1471_itunesstuff/audio/","filename":"rss2.xml"},{"source_path":"1471_itunesstuff/desktop/","destination_path":"1471_itunesstuff/desktop/","filename":"rss2.xml"},{"source_path":"1471_itunesstuff/hd/","destination_path":"1471_itunesstuff/hd/","filename":"rss2.xml"},{"source_path":"1471_itunesstuff/iphone/","destination_path":"1471_itunesstuff/iphone/","filename":"rss2.xml"},{"source_path":"1471_itunesstuff/ipod/","destination_path":"1471_itunesstuff/ipod/","filename":"rss2.xml"},{"source_path":"1471_itunesstuff/large/","destination_path":"1471_itunesstuff/large/","filename":"rss2.xml"},{"source_path":"1471_itunesstuff/transcript/","destination_path":"1471_itunesstuff/transcript/","filename":"rss2.xml"},{"source_path":"1471_itunesstuff/youtube/","destination_path":"1471_itunesstuff/youtube/","filename":"rss2.xml"},{"source_path":"1471_itunesstuff/extra/","destination_path":"1471_itunesstuff/extra/","filename":"rss2.xml"},{"source_path":"1471_itunesstuff/","destination_path":"1471_itunesstuff/","filename":"rss2.xml"},{"source_path":"1471_itunesstuff/high/","destination_path":"1471_itunesstuff/high/","filename":"rss2.xml"},{"source_path":"1471_itunesstuff/ipod-all/","destination_path":"1471_itunesstuff/ipod-all/","filename":"rss2.xml"},{"source_path":"1471_itunesstuff/desktop-all/","destination_path":"1471_itunesstuff/desktop-all/","filename":"rss2.xml"},{"source_path":"1471_itunesstuff/epub/","destination_path":"1471_itunesstuff/epub/","filename":"rss2.xml"}],"timestamp":1308923448}', 'a:1:{i:0;a:6:{s:7:"command";s:29:"transfer-file-to-media-server";s:6:"number";i:15;s:4:"data";s:17:"Queued admin-api!";s:6:"status";s:3:"ACK";s:9:"timestamp";i:1308923448;s:7:"mqIndex";i:73;}}', NULL, '2011-06-24 14:50:48'),
(337, '', 'a:1:{i:0;a:3:{s:6:"status";s:4:"NACK";s:4:"data";s:22:"No request values set!";s:9:"timestamp";i:1308923714;}}', NULL, '2011-06-24 14:55:14'),
(338, 'mess={"command":"transfer-file-to-media-server","number":3,"data":[{"source_path":"1471_itunesstuff","destination_path":"1471_itunesstuff","filename":"H_1471.jpg"},{"source_path":"1471_itunesstuff","destination_path":"1471_itunesstuff","filename":"H_1471_std.jpg"},{"source_path":"1471_itunesstuff","destination_path":"1471_itunesstuff","filename":"H_1471_thm.jpg"}],"timestamp":1308923739}', 'a:1:{i:0;a:6:{s:7:"command";s:29:"transfer-file-to-media-server";s:6:"number";i:3;s:4:"data";s:17:"Queued admin-api!";s:6:"status";s:3:"ACK";s:9:"timestamp";i:1308923739;s:7:"mqIndex";i:74;}}', NULL, '2011-06-24 14:55:39'),
(339, 'mess={"command":"transfer-file-to-media-server","number":15,"data":[{"source_path":"1471_itunesstuff/3gp/","destination_path":"1471_itunesstuff/3gp/","filename":"rss2.xml"},{"source_path":"1471_itunesstuff/audio/","destination_path":"1471_itunesstuff/audio/","filename":"rss2.xml"},{"source_path":"1471_itunesstuff/desktop/","destination_path":"1471_itunesstuff/desktop/","filename":"rss2.xml"},{"source_path":"1471_itunesstuff/hd/","destination_path":"1471_itunesstuff/hd/","filename":"rss2.xml"},{"source_path":"1471_itunesstuff/iphone/","destination_path":"1471_itunesstuff/iphone/","filename":"rss2.xml"},{"source_path":"1471_itunesstuff/ipod/","destination_path":"1471_itunesstuff/ipod/","filename":"rss2.xml"},{"source_path":"1471_itunesstuff/large/","destination_path":"1471_itunesstuff/large/","filename":"rss2.xml"},{"source_path":"1471_itunesstuff/transcript/","destination_path":"1471_itunesstuff/transcript/","filename":"rss2.xml"},{"source_path":"1471_itunesstuff/youtube/","destination_path":"1471_itunesstuff/youtube/","filename":"rss2.xml"},{"source_path":"1471_itunesstuff/extra/","destination_path":"1471_itunesstuff/extra/","filename":"rss2.xml"},{"source_path":"1471_itunesstuff/","destination_path":"1471_itunesstuff/","filename":"rss2.xml"},{"source_path":"1471_itunesstuff/high/","destination_path":"1471_itunesstuff/high/","filename":"rss2.xml"},{"source_path":"1471_itunesstuff/ipod-all/","destination_path":"1471_itunesstuff/ipod-all/","filename":"rss2.xml"},{"source_path":"1471_itunesstuff/desktop-all/","destination_path":"1471_itunesstuff/desktop-all/","filename":"rss2.xml"},{"source_path":"1471_itunesstuff/epub/","destination_path":"1471_itunesstuff/epub/","filename":"rss2.xml"}],"timestamp":1308923740}', 'a:1:{i:0;a:6:{s:7:"command";s:29:"transfer-file-to-media-server";s:6:"number";i:15;s:4:"data";s:17:"Queued admin-api!";s:6:"status";s:3:"ACK";s:9:"timestamp";i:1308923740;s:7:"mqIndex";i:75;}}', NULL, '2011-06-24 14:55:40'),
(340, 'mess={"command":"transfer-file-to-media-server","number":3,"data":[{"source_path":"1471_itunesstuff","destination_path":"1471_itunesstuff","filename":"T_1471.jpg"},{"source_path":"1471_itunesstuff","destination_path":"1471_itunesstuff","filename":"T_1471_std.jpg"},{"source_path":"1471_itunesstuff","destination_path":"1471_itunesstuff","filename":"T_1471_thm.jpg"}],"timestamp":1308923950}', 'a:1:{i:0;a:6:{s:7:"command";s:29:"transfer-file-to-media-server";s:6:"number";i:3;s:4:"data";s:17:"Queued admin-api!";s:6:"status";s:3:"ACK";s:9:"timestamp";i:1308923950;s:7:"mqIndex";i:76;}}', NULL, '2011-06-24 14:59:10'),
(341, 'mess={"command":"transfer-file-to-media-server","number":15,"data":[{"source_path":"1471_itunesstuff/3gp/","destination_path":"1471_itunesstuff/3gp/","filename":"rss2.xml"},{"source_path":"1471_itunesstuff/audio/","destination_path":"1471_itunesstuff/audio/","filename":"rss2.xml"},{"source_path":"1471_itunesstuff/desktop/","destination_path":"1471_itunesstuff/desktop/","filename":"rss2.xml"},{"source_path":"1471_itunesstuff/hd/","destination_path":"1471_itunesstuff/hd/","filename":"rss2.xml"},{"source_path":"1471_itunesstuff/iphone/","destination_path":"1471_itunesstuff/iphone/","filename":"rss2.xml"},{"source_path":"1471_itunesstuff/ipod/","destination_path":"1471_itunesstuff/ipod/","filename":"rss2.xml"},{"source_path":"1471_itunesstuff/large/","destination_path":"1471_itunesstuff/large/","filename":"rss2.xml"},{"source_path":"1471_itunesstuff/transcript/","destination_path":"1471_itunesstuff/transcript/","filename":"rss2.xml"},{"source_path":"1471_itunesstuff/youtube/","destination_path":"1471_itunesstuff/youtube/","filename":"rss2.xml"},{"source_path":"1471_itunesstuff/extra/","destination_path":"1471_itunesstuff/extra/","filename":"rss2.xml"},{"source_path":"1471_itunesstuff/","destination_path":"1471_itunesstuff/","filename":"rss2.xml"},{"source_path":"1471_itunesstuff/high/","destination_path":"1471_itunesstuff/high/","filename":"rss2.xml"},{"source_path":"1471_itunesstuff/ipod-all/","destination_path":"1471_itunesstuff/ipod-all/","filename":"rss2.xml"},{"source_path":"1471_itunesstuff/desktop-all/","destination_path":"1471_itunesstuff/desktop-all/","filename":"rss2.xml"},{"source_path":"1471_itunesstuff/epub/","destination_path":"1471_itunesstuff/epub/","filename":"rss2.xml"}],"timestamp":1308923951}', 'a:1:{i:0;a:6:{s:7:"command";s:29:"transfer-file-to-media-server";s:6:"number";i:15;s:4:"data";s:17:"Queued admin-api!";s:6:"status";s:3:"ACK";s:9:"timestamp";i:1308923951;s:7:"mqIndex";i:77;}}', NULL, '2011-06-24 14:59:11'),
(342, 'mess={"command":"transfer-file-to-media-server","number":3,"data":[{"source_path":"1471_itunesstuff","destination_path":"1471_itunesstuff","filename":"1471_itunesstuff.jpg"},{"source_path":"1471_itunesstuff","destination_path":"1471_itunesstuff","filename":"1471_itunesstuff_std.jpg"},{"source_path":"1471_itunesstuff","destination_path":"1471_itunesstuff","filename":"1471_itunesstuff_thm.jpg"}],"timestamp":1308924166}', 'a:1:{i:0;a:6:{s:7:"command";s:29:"transfer-file-to-media-server";s:6:"number";i:3;s:4:"data";s:17:"Queued admin-api!";s:6:"status";s:3:"ACK";s:9:"timestamp";i:1308924166;s:7:"mqIndex";i:78;}}', NULL, '2011-06-24 15:02:46'),
(343, 'mess={"command":"transfer-file-to-media-server","number":15,"data":[{"source_path":"1471_itunesstuff/3gp/","destination_path":"1471_itunesstuff/3gp/","filename":"rss2.xml"},{"source_path":"1471_itunesstuff/audio/","destination_path":"1471_itunesstuff/audio/","filename":"rss2.xml"},{"source_path":"1471_itunesstuff/desktop/","destination_path":"1471_itunesstuff/desktop/","filename":"rss2.xml"},{"source_path":"1471_itunesstuff/hd/","destination_path":"1471_itunesstuff/hd/","filename":"rss2.xml"},{"source_path":"1471_itunesstuff/iphone/","destination_path":"1471_itunesstuff/iphone/","filename":"rss2.xml"},{"source_path":"1471_itunesstuff/ipod/","destination_path":"1471_itunesstuff/ipod/","filename":"rss2.xml"},{"source_path":"1471_itunesstuff/large/","destination_path":"1471_itunesstuff/large/","filename":"rss2.xml"},{"source_path":"1471_itunesstuff/transcript/","destination_path":"1471_itunesstuff/transcript/","filename":"rss2.xml"},{"source_path":"1471_itunesstuff/youtube/","destination_path":"1471_itunesstuff/youtube/","filename":"rss2.xml"},{"source_path":"1471_itunesstuff/extra/","destination_path":"1471_itunesstuff/extra/","filename":"rss2.xml"},{"source_path":"1471_itunesstuff/","destination_path":"1471_itunesstuff/","filename":"rss2.xml"},{"source_path":"1471_itunesstuff/high/","destination_path":"1471_itunesstuff/high/","filename":"rss2.xml"},{"source_path":"1471_itunesstuff/ipod-all/","destination_path":"1471_itunesstuff/ipod-all/","filename":"rss2.xml"},{"source_path":"1471_itunesstuff/desktop-all/","destination_path":"1471_itunesstuff/desktop-all/","filename":"rss2.xml"},{"source_path":"1471_itunesstuff/epub/","destination_path":"1471_itunesstuff/epub/","filename":"rss2.xml"}],"timestamp":1308924168}', 'a:1:{i:0;a:6:{s:7:"command";s:29:"transfer-file-to-media-server";s:6:"number";i:15;s:4:"data";s:17:"Queued admin-api!";s:6:"status";s:3:"ACK";s:9:"timestamp";i:1308924168;s:7:"mqIndex";i:79;}}', NULL, '2011-06-24 15:02:48'),
(344, '', 'a:1:{i:0;a:3:{s:6:"status";s:4:"NACK";s:4:"data";s:22:"No request values set!";s:9:"timestamp";i:1308924314;}}', NULL, '2011-06-24 15:05:14'),
(345, '', 'a:1:{i:0;a:3:{s:6:"status";s:4:"NACK";s:4:"data";s:22:"No request values set!";s:9:"timestamp";i:1308924914;}}', NULL, '2011-06-24 15:15:14'),
(346, 'mess={"command":"transfer-file-to-media-server","number":15,"data":[{"source_path":"1472_podcast9/3gp/","destination_path":"1472_podcast9/3gp/","filename":"rss2.xml"},{"source_path":"1472_podcast9/audio/","destination_path":"1472_podcast9/audio/","filename":"rss2.xml"},{"source_path":"1472_podcast9/desktop/","destination_path":"1472_podcast9/desktop/","filename":"rss2.xml"},{"source_path":"1472_podcast9/hd/","destination_path":"1472_podcast9/hd/","filename":"rss2.xml"},{"source_path":"1472_podcast9/iphone/","destination_path":"1472_podcast9/iphone/","filename":"rss2.xml"},{"source_path":"1472_podcast9/ipod/","destination_path":"1472_podcast9/ipod/","filename":"rss2.xml"},{"source_path":"1472_podcast9/large/","destination_path":"1472_podcast9/large/","filename":"rss2.xml"},{"source_path":"1472_podcast9/transcript/","destination_path":"1472_podcast9/transcript/","filename":"rss2.xml"},{"source_path":"1472_podcast9/youtube/","destination_path":"1472_podcast9/youtube/","filename":"rss2.xml"},{"source_path":"1472_podcast9/extra/","destination_path":"1472_podcast9/extra/","filename":"rss2.xml"},{"source_path":"1472_podcast9/","destination_path":"1472_podcast9/","filename":"rss2.xml"},{"source_path":"1472_podcast9/high/","destination_path":"1472_podcast9/high/","filename":"rss2.xml"},{"source_path":"1472_podcast9/ipod-all/","destination_path":"1472_podcast9/ipod-all/","filename":"rss2.xml"},{"source_path":"1472_podcast9/desktop-all/","destination_path":"1472_podcast9/desktop-all/","filename":"rss2.xml"},{"source_path":"1472_podcast9/epub/","destination_path":"1472_podcast9/epub/","filename":"rss2.xml"}],"timestamp":1308925150}', 'a:1:{i:0;a:6:{s:7:"command";s:29:"transfer-file-to-media-server";s:6:"number";i:15;s:4:"data";s:17:"Queued admin-api!";s:6:"status";s:3:"ACK";s:9:"timestamp";i:1308925150;s:7:"mqIndex";i:80;}}', NULL, '2011-06-24 15:19:10'),
(347, 'mess={"command":"transfer-file-to-media-server","number":3,"data":[{"source_path":"1471_itunesstuff","destination_path":"1471_itunesstuff","filename":"1471_itunesstuff.jpg"},{"source_path":"1471_itunesstuff","destination_path":"1471_itunesstuff","filename":"1471_itunesstuff_std.jpg"},{"source_path":"1471_itunesstuff","destination_path":"1471_itunesstuff","filename":"1471_itunesstuff_thm.jpg"}],"timestamp":1308925204}', 'a:1:{i:0;a:6:{s:7:"command";s:29:"transfer-file-to-media-server";s:6:"number";i:3;s:4:"data";s:17:"Queued admin-api!";s:6:"status";s:3:"ACK";s:9:"timestamp";i:1308925204;s:7:"mqIndex";i:81;}}', NULL, '2011-06-24 15:20:04'),
(348, 'mess={"command":"transfer-file-to-media-server","number":15,"data":[{"source_path":"1471_itunesstuff/3gp/","destination_path":"1471_itunesstuff/3gp/","filename":"rss2.xml"},{"source_path":"1471_itunesstuff/audio/","destination_path":"1471_itunesstuff/audio/","filename":"rss2.xml"},{"source_path":"1471_itunesstuff/desktop/","destination_path":"1471_itunesstuff/desktop/","filename":"rss2.xml"},{"source_path":"1471_itunesstuff/hd/","destination_path":"1471_itunesstuff/hd/","filename":"rss2.xml"},{"source_path":"1471_itunesstuff/iphone/","destination_path":"1471_itunesstuff/iphone/","filename":"rss2.xml"},{"source_path":"1471_itunesstuff/ipod/","destination_path":"1471_itunesstuff/ipod/","filename":"rss2.xml"},{"source_path":"1471_itunesstuff/large/","destination_path":"1471_itunesstuff/large/","filename":"rss2.xml"},{"source_path":"1471_itunesstuff/transcript/","destination_path":"1471_itunesstuff/transcript/","filename":"rss2.xml"},{"source_path":"1471_itunesstuff/youtube/","destination_path":"1471_itunesstuff/youtube/","filename":"rss2.xml"},{"source_path":"1471_itunesstuff/extra/","destination_path":"1471_itunesstuff/extra/","filename":"rss2.xml"},{"source_path":"1471_itunesstuff/","destination_path":"1471_itunesstuff/","filename":"rss2.xml"},{"source_path":"1471_itunesstuff/high/","destination_path":"1471_itunesstuff/high/","filename":"rss2.xml"},{"source_path":"1471_itunesstuff/ipod-all/","destination_path":"1471_itunesstuff/ipod-all/","filename":"rss2.xml"},{"source_path":"1471_itunesstuff/desktop-all/","destination_path":"1471_itunesstuff/desktop-all/","filename":"rss2.xml"},{"source_path":"1471_itunesstuff/epub/","destination_path":"1471_itunesstuff/epub/","filename":"rss2.xml"}],"timestamp":1308925205}', 'a:1:{i:0;a:6:{s:7:"command";s:29:"transfer-file-to-media-server";s:6:"number";i:15;s:4:"data";s:17:"Queued admin-api!";s:6:"status";s:3:"ACK";s:9:"timestamp";i:1308925205;s:7:"mqIndex";i:82;}}', NULL, '2011-06-24 15:20:05'),
(349, 'mess={"command":"transfer-file-to-media-server","number":3,"data":[{"source_path":"1471_itunesstuff/","destination_path":"1471_itunesstuff/","filename":"1471_itunesstuff.jpg"},{"source_path":"1471_itunesstuff/","destination_path":"1471_itunesstuff/","filename":"1471_itunesstuff_std.jpg"},{"source_path":"1471_itunesstuff/","destination_path":"1471_itunesstuff/","filename":"1471_itunesstuff_thm.jpg"}],"timestamp":1308925294}', 'a:1:{i:0;a:6:{s:7:"command";s:29:"transfer-file-to-media-server";s:6:"number";i:3;s:4:"data";s:17:"Queued admin-api!";s:6:"status";s:3:"ACK";s:9:"timestamp";i:1308925294;s:7:"mqIndex";i:83;}}', NULL, '2011-06-24 15:21:34'),
(350, 'mess={"command":"transfer-file-to-media-server","number":15,"data":[{"source_path":"1471_itunesstuff/3gp/","destination_path":"1471_itunesstuff/3gp/","filename":"rss2.xml"},{"source_path":"1471_itunesstuff/audio/","destination_path":"1471_itunesstuff/audio/","filename":"rss2.xml"},{"source_path":"1471_itunesstuff/desktop/","destination_path":"1471_itunesstuff/desktop/","filename":"rss2.xml"},{"source_path":"1471_itunesstuff/hd/","destination_path":"1471_itunesstuff/hd/","filename":"rss2.xml"},{"source_path":"1471_itunesstuff/iphone/","destination_path":"1471_itunesstuff/iphone/","filename":"rss2.xml"},{"source_path":"1471_itunesstuff/ipod/","destination_path":"1471_itunesstuff/ipod/","filename":"rss2.xml"},{"source_path":"1471_itunesstuff/large/","destination_path":"1471_itunesstuff/large/","filename":"rss2.xml"},{"source_path":"1471_itunesstuff/transcript/","destination_path":"1471_itunesstuff/transcript/","filename":"rss2.xml"},{"source_path":"1471_itunesstuff/youtube/","destination_path":"1471_itunesstuff/youtube/","filename":"rss2.xml"},{"source_path":"1471_itunesstuff/extra/","destination_path":"1471_itunesstuff/extra/","filename":"rss2.xml"},{"source_path":"1471_itunesstuff/","destination_path":"1471_itunesstuff/","filename":"rss2.xml"},{"source_path":"1471_itunesstuff/high/","destination_path":"1471_itunesstuff/high/","filename":"rss2.xml"},{"source_path":"1471_itunesstuff/ipod-all/","destination_path":"1471_itunesstuff/ipod-all/","filename":"rss2.xml"},{"source_path":"1471_itunesstuff/desktop-all/","destination_path":"1471_itunesstuff/desktop-all/","filename":"rss2.xml"},{"source_path":"1471_itunesstuff/epub/","destination_path":"1471_itunesstuff/epub/","filename":"rss2.xml"}],"timestamp":1308925295}', 'a:1:{i:0;a:6:{s:7:"command";s:29:"transfer-file-to-media-server";s:6:"number";i:15;s:4:"data";s:17:"Queued admin-api!";s:6:"status";s:3:"ACK";s:9:"timestamp";i:1308925295;s:7:"mqIndex";i:84;}}', NULL, '2011-06-24 15:21:35'),
(351, '', 'a:1:{i:0;a:3:{s:6:"status";s:4:"NACK";s:4:"data";s:22:"No request values set!";s:9:"timestamp";i:1308925514;}}', NULL, '2011-06-24 15:25:14'),
(352, 'mess={"command":"transfer-file-to-media-server","number":1,"data":["/.htaccess"],"timestamp":1308925839}', 'a:1:{i:0;a:6:{s:7:"command";s:29:"transfer-file-to-media-server";s:6:"number";i:1;s:4:"data";s:17:"Queued admin-api!";s:6:"status";s:3:"ACK";s:9:"timestamp";i:1308925839;s:7:"mqIndex";i:85;}}', NULL, '2011-06-24 15:30:39'),
(353, '', 'a:1:{i:0;a:3:{s:6:"status";s:4:"NACK";s:4:"data";s:22:"No request values set!";s:9:"timestamp";i:1308926114;}}', NULL, '2011-06-24 15:35:14'),
(354, 'mess={"command":"delete-file-on-media-server","number":1,"data":[{"source_path":"1471_itunesstuff/","file_name":".htaccess"}],"timestamp":1308926555}', 'a:1:{i:0;a:6:{s:7:"command";s:27:"delete-file-on-media-server";s:6:"number";i:1;s:4:"data";s:17:"Queued admin-api!";s:6:"status";s:3:"ACK";s:9:"timestamp";i:1308926555;s:7:"mqIndex";i:86;}}', NULL, '2011-06-24 15:42:35'),
(355, 'mess={"command":"transfer-file-to-media-server","number":3,"data":{"source_path":"/","target_path":"/","filename":".htaccess"},"timestamp":1308926566}', 'a:1:{i:0;a:6:{s:7:"command";s:29:"transfer-file-to-media-server";s:6:"number";i:0;s:4:"data";s:17:"Queued admin-api!";s:6:"status";s:3:"ACK";s:9:"timestamp";i:1308926566;s:7:"mqIndex";i:87;}}', NULL, '2011-06-24 15:42:46'),
(356, 'mess={"command":"delete-file-on-media-server","number":1,"data":[{"source_path":"1471_itunesstuff/","file_name":".htaccess"}],"timestamp":1308926594}', 'a:1:{i:0;a:6:{s:7:"command";s:27:"delete-file-on-media-server";s:6:"number";i:1;s:4:"data";s:17:"Queued admin-api!";s:6:"status";s:3:"ACK";s:9:"timestamp";i:1308926594;s:7:"mqIndex";i:88;}}', NULL, '2011-06-24 15:43:14'),
(357, '', 'a:1:{i:0;a:3:{s:6:"status";s:4:"NACK";s:4:"data";s:22:"No request values set!";s:9:"timestamp";i:1308926714;}}', NULL, '2011-06-24 15:45:14'),
(358, '', 'a:1:{i:0;a:3:{s:6:"status";s:4:"NACK";s:4:"data";s:22:"No request values set!";s:9:"timestamp";i:1308927314;}}', NULL, '2011-06-24 15:55:14'),
(359, '', 'a:1:{i:0;a:3:{s:6:"status";s:4:"NACK";s:4:"data";s:22:"No request values set!";s:9:"timestamp";i:1308927914;}}', NULL, '2011-06-24 16:05:14'),
(360, '', 'a:1:{i:0;a:3:{s:6:"status";s:4:"NACK";s:4:"data";s:22:"No request values set!";s:9:"timestamp";i:1308928514;}}', NULL, '2011-06-24 16:15:14'),
(361, '', 'a:1:{i:0;a:3:{s:6:"status";s:4:"NACK";s:4:"data";s:22:"No request values set!";s:9:"timestamp";i:1308929114;}}', NULL, '2011-06-24 16:25:14'),
(362, '', 'a:1:{i:0;a:3:{s:6:"status";s:4:"NACK";s:4:"data";s:22:"No request values set!";s:9:"timestamp";i:1308929714;}}', NULL, '2011-06-24 16:35:14'),
(363, '', 'a:1:{i:0;a:3:{s:6:"status";s:4:"NACK";s:4:"data";s:22:"No request values set!";s:9:"timestamp";i:1308930314;}}', NULL, '2011-06-24 16:45:14'),
(364, '', 'a:1:{i:0;a:3:{s:6:"status";s:4:"NACK";s:4:"data";s:22:"No request values set!";s:9:"timestamp";i:1308930914;}}', NULL, '2011-06-24 16:55:14'),
(365, 'mess={"command":"transcode-media","number":1,"data":{"data":{"source_path":"1471_itunesstuff","filename":"BSG_4.2.avi"}},"timestamp":1308931021}', 'a:1:{i:0;a:6:{s:7:"command";s:15:"transcode-media";s:6:"number";i:0;s:4:"data";s:17:"Queued admin-api!";s:6:"status";s:3:"ACK";s:9:"timestamp";i:1308931021;s:7:"mqIndex";i:89;}}', NULL, '2011-06-24 16:57:01'),
(366, 'mess={"command":"transcode-media","number":1,"data":{"data":{"source_path":"1473_test1","filename":"1300469084.wmv"}},"timestamp":1308931343}', 'a:1:{i:0;a:6:{s:7:"command";s:15:"transcode-media";s:6:"number";i:0;s:4:"data";s:17:"Queued admin-api!";s:6:"status";s:3:"ACK";s:9:"timestamp";i:1308931343;s:7:"mqIndex";i:90;}}', NULL, '2011-06-24 17:02:23'),
(367, '', 'a:1:{i:0;a:3:{s:6:"status";s:4:"NACK";s:4:"data";s:22:"No request values set!";s:9:"timestamp";i:1308931514;}}', NULL, '2011-06-24 17:05:14'),
(368, '', 'a:1:{i:0;a:3:{s:6:"status";s:4:"NACK";s:4:"data";s:22:"No request values set!";s:9:"timestamp";i:1308932114;}}', NULL, '2011-06-24 17:15:14'),
(369, 'mess={"command":"transfer-file-to-media-server","number":15,"data":[{"source_path":"1473_test1/3gp/","destination_path":"1473_test1/3gp/","filename":"rss2.xml"},{"source_path":"1473_test1/audio/","destination_path":"1473_test1/audio/","filename":"rss2.xml"},{"source_path":"1473_test1/desktop/","destination_path":"1473_test1/desktop/","filename":"rss2.xml"},{"source_path":"1473_test1/hd/","destination_path":"1473_test1/hd/","filename":"rss2.xml"},{"source_path":"1473_test1/iphone/","destination_path":"1473_test1/iphone/","filename":"rss2.xml"},{"source_path":"1473_test1/ipod/","destination_path":"1473_test1/ipod/","filename":"rss2.xml"},{"source_path":"1473_test1/large/","destination_path":"1473_test1/large/","filename":"rss2.xml"},{"source_path":"1473_test1/transcript/","destination_path":"1473_test1/transcript/","filename":"rss2.xml"},{"source_path":"1473_test1/youtube/","destination_path":"1473_test1/youtube/","filename":"rss2.xml"},{"source_path":"1473_test1/extra/","destination_path":"1473_test1/extra/","filename":"rss2.xml"},{"source_path":"1473_test1/","destination_path":"1473_test1/","filename":"rss2.xml"},{"source_path":"1473_test1/high/","destination_path":"1473_test1/high/","filename":"rss2.xml"},{"source_path":"1473_test1/ipod-all/","destination_path":"1473_test1/ipod-all/","filename":"rss2.xml"},{"source_path":"1473_test1/desktop-all/","destination_path":"1473_test1/desktop-all/","filename":"rss2.xml"},{"source_path":"1473_test1/epub/","destination_path":"1473_test1/epub/","filename":"rss2.xml"}],"timestamp":1308932610}', 'a:1:{i:0;a:6:{s:7:"command";s:29:"transfer-file-to-media-server";s:6:"number";i:15;s:4:"data";s:17:"Queued admin-api!";s:6:"status";s:3:"ACK";s:9:"timestamp";i:1308932610;s:7:"mqIndex";i:91;}}', NULL, '2011-06-24 17:23:30'),
(370, '', 'a:1:{i:0;a:3:{s:6:"status";s:4:"NACK";s:4:"data";s:22:"No request values set!";s:9:"timestamp";i:1308932714;}}', NULL, '2011-06-24 17:25:14'),
(371, '', 'a:1:{i:0;a:3:{s:6:"status";s:4:"NACK";s:4:"data";s:22:"No request values set!";s:9:"timestamp";i:1308933314;}}', NULL, '2011-06-24 17:35:14'),
(372, '', 'a:1:{i:0;a:3:{s:6:"status";s:4:"NACK";s:4:"data";s:22:"No request values set!";s:9:"timestamp";i:1308933914;}}', NULL, '2011-06-24 17:45:14'),
(373, '', 'a:1:{i:0;a:3:{s:6:"status";s:4:"NACK";s:4:"data";s:22:"No request values set!";s:9:"timestamp";i:1308934514;}}', NULL, '2011-06-24 17:55:14'),
(374, '', 'a:1:{i:0;a:3:{s:6:"status";s:4:"NACK";s:4:"data";s:22:"No request values set!";s:9:"timestamp";i:1308935114;}}', NULL, '2011-06-24 18:05:14'),
(375, '', 'a:1:{i:0;a:3:{s:6:"status";s:4:"NACK";s:4:"data";s:22:"No request values set!";s:9:"timestamp";i:1308935714;}}', NULL, '2011-06-24 18:15:14'),
(376, '', 'a:1:{i:0;a:3:{s:6:"status";s:4:"NACK";s:4:"data";s:22:"No request values set!";s:9:"timestamp";i:1308936314;}}', NULL, '2011-06-24 18:25:14'),
(377, '', 'a:1:{i:0;a:3:{s:6:"status";s:4:"NACK";s:4:"data";s:22:"No request values set!";s:9:"timestamp";i:1308936914;}}', NULL, '2011-06-24 18:35:14'),
(378, '', 'a:1:{i:0;a:3:{s:6:"status";s:4:"NACK";s:4:"data";s:22:"No request values set!";s:9:"timestamp";i:1308937513;}}', NULL, '2011-06-24 18:45:13'),
(379, '', 'a:1:{i:0;a:3:{s:6:"status";s:4:"NACK";s:4:"data";s:22:"No request values set!";s:9:"timestamp";i:1308938114;}}', NULL, '2011-06-24 18:55:14'),
(380, '', 'a:1:{i:0;a:3:{s:6:"status";s:4:"NACK";s:4:"data";s:22:"No request values set!";s:9:"timestamp";i:1308938714;}}', NULL, '2011-06-24 19:05:14'),
(381, '', 'a:1:{i:0;a:3:{s:6:"status";s:4:"NACK";s:4:"data";s:22:"No request values set!";s:9:"timestamp";i:1308939314;}}', NULL, '2011-06-24 19:15:14'),
(382, '', 'a:1:{i:0;a:3:{s:6:"status";s:4:"NACK";s:4:"data";s:22:"No request values set!";s:9:"timestamp";i:1308939914;}}', NULL, '2011-06-24 19:25:14'),
(383, '', 'a:1:{i:0;a:3:{s:6:"status";s:4:"NACK";s:4:"data";s:22:"No request values set!";s:9:"timestamp";i:1308940513;}}', NULL, '2011-06-24 19:35:13'),
(384, '', 'a:1:{i:0;a:3:{s:6:"status";s:4:"NACK";s:4:"data";s:22:"No request values set!";s:9:"timestamp";i:1308941114;}}', NULL, '2011-06-24 19:45:14'),
(385, '', 'a:1:{i:0;a:3:{s:6:"status";s:4:"NACK";s:4:"data";s:22:"No request values set!";s:9:"timestamp";i:1308941713;}}', NULL, '2011-06-24 19:55:13'),
(386, '', 'a:1:{i:0;a:3:{s:6:"status";s:4:"NACK";s:4:"data";s:22:"No request values set!";s:9:"timestamp";i:1308942314;}}', NULL, '2011-06-24 20:05:14'),
(387, '', 'a:1:{i:0;a:3:{s:6:"status";s:4:"NACK";s:4:"data";s:22:"No request values set!";s:9:"timestamp";i:1308942914;}}', NULL, '2011-06-24 20:15:14'),
(388, '', 'a:1:{i:0;a:3:{s:6:"status";s:4:"NACK";s:4:"data";s:22:"No request values set!";s:9:"timestamp";i:1308943514;}}', NULL, '2011-06-24 20:25:14'),
(389, '', 'a:1:{i:0;a:3:{s:6:"status";s:4:"NACK";s:4:"data";s:22:"No request values set!";s:9:"timestamp";i:1308944114;}}', NULL, '2011-06-24 20:35:14'),
(390, '', 'a:1:{i:0;a:3:{s:6:"status";s:4:"NACK";s:4:"data";s:22:"No request values set!";s:9:"timestamp";i:1308944713;}}', NULL, '2011-06-24 20:45:13'),
(391, '', 'a:1:{i:0;a:3:{s:6:"status";s:4:"NACK";s:4:"data";s:22:"No request values set!";s:9:"timestamp";i:1308945314;}}', NULL, '2011-06-24 20:55:14'),
(392, '', 'a:1:{i:0;a:3:{s:6:"status";s:4:"NACK";s:4:"data";s:22:"No request values set!";s:9:"timestamp";i:1308945914;}}', NULL, '2011-06-24 21:05:14'),
(393, '', 'a:1:{i:0;a:3:{s:6:"status";s:4:"NACK";s:4:"data";s:22:"No request values set!";s:9:"timestamp";i:1308946514;}}', NULL, '2011-06-24 21:15:14'),
(394, '', 'a:1:{i:0;a:3:{s:6:"status";s:4:"NACK";s:4:"data";s:22:"No request values set!";s:9:"timestamp";i:1308947114;}}', NULL, '2011-06-24 21:25:14'),
(395, '', 'a:1:{i:0;a:3:{s:6:"status";s:4:"NACK";s:4:"data";s:22:"No request values set!";s:9:"timestamp";i:1308947714;}}', NULL, '2011-06-24 21:35:14'),
(396, '', 'a:1:{i:0;a:3:{s:6:"status";s:4:"NACK";s:4:"data";s:22:"No request values set!";s:9:"timestamp";i:1308948314;}}', NULL, '2011-06-24 21:45:14'),
(397, '', 'a:1:{i:0;a:3:{s:6:"status";s:4:"NACK";s:4:"data";s:22:"No request values set!";s:9:"timestamp";i:1308948913;}}', NULL, '2011-06-24 21:55:13'),
(398, '', 'a:1:{i:0;a:3:{s:6:"status";s:4:"NACK";s:4:"data";s:22:"No request values set!";s:9:"timestamp";i:1308949514;}}', NULL, '2011-06-24 22:05:14'),
(399, '', 'a:1:{i:0;a:3:{s:6:"status";s:4:"NACK";s:4:"data";s:22:"No request values set!";s:9:"timestamp";i:1308950114;}}', NULL, '2011-06-24 22:15:14'),
(400, '', 'a:1:{i:0;a:3:{s:6:"status";s:4:"NACK";s:4:"data";s:22:"No request values set!";s:9:"timestamp";i:1308950714;}}', NULL, '2011-06-24 22:25:14'),
(401, '', 'a:1:{i:0;a:3:{s:6:"status";s:4:"NACK";s:4:"data";s:22:"No request values set!";s:9:"timestamp";i:1308951314;}}', NULL, '2011-06-24 22:35:14'),
(402, '', 'a:1:{i:0;a:3:{s:6:"status";s:4:"NACK";s:4:"data";s:22:"No request values set!";s:9:"timestamp";i:1308951914;}}', NULL, '2011-06-24 22:45:14'),
(403, '', 'a:1:{i:0;a:3:{s:6:"status";s:4:"NACK";s:4:"data";s:22:"No request values set!";s:9:"timestamp";i:1308952514;}}', NULL, '2011-06-24 22:55:14'),
(404, '', 'a:1:{i:0;a:3:{s:6:"status";s:4:"NACK";s:4:"data";s:22:"No request values set!";s:9:"timestamp";i:1308953114;}}', NULL, '2011-06-24 23:05:14'),
(405, '', 'a:1:{i:0;a:3:{s:6:"status";s:4:"NACK";s:4:"data";s:22:"No request values set!";s:9:"timestamp";i:1308953714;}}', NULL, '2011-06-24 23:15:14'),
(406, '', 'a:1:{i:0;a:3:{s:6:"status";s:4:"NACK";s:4:"data";s:22:"No request values set!";s:9:"timestamp";i:1308954314;}}', NULL, '2011-06-24 23:25:14'),
(407, '', 'a:1:{i:0;a:3:{s:6:"status";s:4:"NACK";s:4:"data";s:22:"No request values set!";s:9:"timestamp";i:1308954914;}}', NULL, '2011-06-24 23:35:14'),
(408, '', 'a:1:{i:0;a:3:{s:6:"status";s:4:"NACK";s:4:"data";s:22:"No request values set!";s:9:"timestamp";i:1308955514;}}', NULL, '2011-06-24 23:45:14'),
(409, '', 'a:1:{i:0;a:3:{s:6:"status";s:4:"NACK";s:4:"data";s:22:"No request values set!";s:9:"timestamp";i:1308956114;}}', NULL, '2011-06-24 23:55:14'),
(410, '', 'a:1:{i:0;a:3:{s:6:"status";s:4:"NACK";s:4:"data";s:22:"No request values set!";s:9:"timestamp";i:1308956714;}}', NULL, '2011-06-25 00:05:14'),
(411, '', 'a:1:{i:0;a:3:{s:6:"status";s:4:"NACK";s:4:"data";s:22:"No request values set!";s:9:"timestamp";i:1308957314;}}', NULL, '2011-06-25 00:15:14'),
(412, '', 'a:1:{i:0;a:3:{s:6:"status";s:4:"NACK";s:4:"data";s:22:"No request values set!";s:9:"timestamp";i:1308957914;}}', NULL, '2011-06-25 00:25:14'),
(413, '', 'a:1:{i:0;a:3:{s:6:"status";s:4:"NACK";s:4:"data";s:22:"No request values set!";s:9:"timestamp";i:1308958514;}}', NULL, '2011-06-25 00:35:14'),
(414, '', 'a:1:{i:0;a:3:{s:6:"status";s:4:"NACK";s:4:"data";s:22:"No request values set!";s:9:"timestamp";i:1308959114;}}', NULL, '2011-06-25 00:45:14'),
(415, '', 'a:1:{i:0;a:3:{s:6:"status";s:4:"NACK";s:4:"data";s:22:"No request values set!";s:9:"timestamp";i:1308959714;}}', NULL, '2011-06-25 00:55:14'),
(416, '', 'a:1:{i:0;a:3:{s:6:"status";s:4:"NACK";s:4:"data";s:22:"No request values set!";s:9:"timestamp";i:1308960314;}}', NULL, '2011-06-25 01:05:14'),
(417, '', 'a:1:{i:0;a:3:{s:6:"status";s:4:"NACK";s:4:"data";s:22:"No request values set!";s:9:"timestamp";i:1308960914;}}', NULL, '2011-06-25 01:15:14'),
(418, '', 'a:1:{i:0;a:3:{s:6:"status";s:4:"NACK";s:4:"data";s:22:"No request values set!";s:9:"timestamp";i:1308961514;}}', NULL, '2011-06-25 01:25:14'),
(419, '', 'a:1:{i:0;a:3:{s:6:"status";s:4:"NACK";s:4:"data";s:22:"No request values set!";s:9:"timestamp";i:1308962114;}}', NULL, '2011-06-25 01:35:14'),
(420, '', 'a:1:{i:0;a:3:{s:6:"status";s:4:"NACK";s:4:"data";s:22:"No request values set!";s:9:"timestamp";i:1308962714;}}', NULL, '2011-06-25 01:45:14'),
(421, '', 'a:1:{i:0;a:3:{s:6:"status";s:4:"NACK";s:4:"data";s:22:"No request values set!";s:9:"timestamp";i:1308963314;}}', NULL, '2011-06-25 01:55:14'),
(422, '', 'a:1:{i:0;a:3:{s:6:"status";s:4:"NACK";s:4:"data";s:22:"No request values set!";s:9:"timestamp";i:1308963914;}}', NULL, '2011-06-25 02:05:14'),
(423, '', 'a:1:{i:0;a:3:{s:6:"status";s:4:"NACK";s:4:"data";s:22:"No request values set!";s:9:"timestamp";i:1308964514;}}', NULL, '2011-06-25 02:15:14'),
(424, '', 'a:1:{i:0;a:3:{s:6:"status";s:4:"NACK";s:4:"data";s:22:"No request values set!";s:9:"timestamp";i:1308965114;}}', NULL, '2011-06-25 02:25:14'),
(425, '', 'a:1:{i:0;a:3:{s:6:"status";s:4:"NACK";s:4:"data";s:22:"No request values set!";s:9:"timestamp";i:1308965714;}}', NULL, '2011-06-25 02:35:14'),
(426, '', 'a:1:{i:0;a:3:{s:6:"status";s:4:"NACK";s:4:"data";s:22:"No request values set!";s:9:"timestamp";i:1308966314;}}', NULL, '2011-06-25 02:45:14'),
(427, '', 'a:1:{i:0;a:3:{s:6:"status";s:4:"NACK";s:4:"data";s:22:"No request values set!";s:9:"timestamp";i:1308966913;}}', NULL, '2011-06-25 02:55:13'),
(428, '', 'a:1:{i:0;a:3:{s:6:"status";s:4:"NACK";s:4:"data";s:22:"No request values set!";s:9:"timestamp";i:1308967514;}}', NULL, '2011-06-25 03:05:14'),
(429, '', 'a:1:{i:0;a:3:{s:6:"status";s:4:"NACK";s:4:"data";s:22:"No request values set!";s:9:"timestamp";i:1308968114;}}', NULL, '2011-06-25 03:15:14'),
(430, '', 'a:1:{i:0;a:3:{s:6:"status";s:4:"NACK";s:4:"data";s:22:"No request values set!";s:9:"timestamp";i:1308968714;}}', NULL, '2011-06-25 03:25:14'),
(431, '', 'a:1:{i:0;a:3:{s:6:"status";s:4:"NACK";s:4:"data";s:22:"No request values set!";s:9:"timestamp";i:1308969314;}}', NULL, '2011-06-25 03:35:14'),
(432, '', 'a:1:{i:0;a:3:{s:6:"status";s:4:"NACK";s:4:"data";s:22:"No request values set!";s:9:"timestamp";i:1308969914;}}', NULL, '2011-06-25 03:45:14'),
(433, '', 'a:1:{i:0;a:3:{s:6:"status";s:4:"NACK";s:4:"data";s:22:"No request values set!";s:9:"timestamp";i:1308970514;}}', NULL, '2011-06-25 03:55:14'),
(434, '', 'a:1:{i:0;a:3:{s:6:"status";s:4:"NACK";s:4:"data";s:22:"No request values set!";s:9:"timestamp";i:1308971114;}}', NULL, '2011-06-25 04:05:14'),
(435, '', 'a:1:{i:0;a:3:{s:6:"status";s:4:"NACK";s:4:"data";s:22:"No request values set!";s:9:"timestamp";i:1308971714;}}', NULL, '2011-06-25 04:15:14'),
(436, '', 'a:1:{i:0;a:3:{s:6:"status";s:4:"NACK";s:4:"data";s:22:"No request values set!";s:9:"timestamp";i:1308972314;}}', NULL, '2011-06-25 04:25:14'),
(437, '', 'a:1:{i:0;a:3:{s:6:"status";s:4:"NACK";s:4:"data";s:22:"No request values set!";s:9:"timestamp";i:1308972914;}}', NULL, '2011-06-25 04:35:14'),
(438, '', 'a:1:{i:0;a:3:{s:6:"status";s:4:"NACK";s:4:"data";s:22:"No request values set!";s:9:"timestamp";i:1308973514;}}', NULL, '2011-06-25 04:45:14'),
(439, '', 'a:1:{i:0;a:3:{s:6:"status";s:4:"NACK";s:4:"data";s:22:"No request values set!";s:9:"timestamp";i:1308974114;}}', NULL, '2011-06-25 04:55:14'),
(440, '', 'a:1:{i:0;a:3:{s:6:"status";s:4:"NACK";s:4:"data";s:22:"No request values set!";s:9:"timestamp";i:1308974714;}}', NULL, '2011-06-25 05:05:14'),
(441, '', 'a:1:{i:0;a:3:{s:6:"status";s:4:"NACK";s:4:"data";s:22:"No request values set!";s:9:"timestamp";i:1308975314;}}', NULL, '2011-06-25 05:15:14'),
(442, '', 'a:1:{i:0;a:3:{s:6:"status";s:4:"NACK";s:4:"data";s:22:"No request values set!";s:9:"timestamp";i:1308975914;}}', NULL, '2011-06-25 05:25:14'),
(443, '', 'a:1:{i:0;a:3:{s:6:"status";s:4:"NACK";s:4:"data";s:22:"No request values set!";s:9:"timestamp";i:1308976514;}}', NULL, '2011-06-25 05:35:14'),
(444, '', 'a:1:{i:0;a:3:{s:6:"status";s:4:"NACK";s:4:"data";s:22:"No request values set!";s:9:"timestamp";i:1308977114;}}', NULL, '2011-06-25 05:45:14'),
(445, '', 'a:1:{i:0;a:3:{s:6:"status";s:4:"NACK";s:4:"data";s:22:"No request values set!";s:9:"timestamp";i:1308977714;}}', NULL, '2011-06-25 05:55:14'),
(446, '', 'a:1:{i:0;a:3:{s:6:"status";s:4:"NACK";s:4:"data";s:22:"No request values set!";s:9:"timestamp";i:1308978314;}}', NULL, '2011-06-25 06:05:14'),
(447, '', 'a:1:{i:0;a:3:{s:6:"status";s:4:"NACK";s:4:"data";s:22:"No request values set!";s:9:"timestamp";i:1308978914;}}', NULL, '2011-06-25 06:15:14'),
(448, '', 'a:1:{i:0;a:3:{s:6:"status";s:4:"NACK";s:4:"data";s:22:"No request values set!";s:9:"timestamp";i:1308979514;}}', NULL, '2011-06-25 06:25:14'),
(449, '', 'a:1:{i:0;a:3:{s:6:"status";s:4:"NACK";s:4:"data";s:22:"No request values set!";s:9:"timestamp";i:1308980114;}}', NULL, '2011-06-25 06:35:14'),
(450, '', 'a:1:{i:0;a:3:{s:6:"status";s:4:"NACK";s:4:"data";s:22:"No request values set!";s:9:"timestamp";i:1308980714;}}', NULL, '2011-06-25 06:45:14'),
(451, '', 'a:1:{i:0;a:3:{s:6:"status";s:4:"NACK";s:4:"data";s:22:"No request values set!";s:9:"timestamp";i:1308981314;}}', NULL, '2011-06-25 06:55:14'),
(452, '', 'a:1:{i:0;a:3:{s:6:"status";s:4:"NACK";s:4:"data";s:22:"No request values set!";s:9:"timestamp";i:1308981914;}}', NULL, '2011-06-25 07:05:14'),
(453, '', 'a:1:{i:0;a:3:{s:6:"status";s:4:"NACK";s:4:"data";s:22:"No request values set!";s:9:"timestamp";i:1308982514;}}', NULL, '2011-06-25 07:15:14'),
(454, '', 'a:1:{i:0;a:3:{s:6:"status";s:4:"NACK";s:4:"data";s:22:"No request values set!";s:9:"timestamp";i:1308983114;}}', NULL, '2011-06-25 07:25:14'),
(455, '', 'a:1:{i:0;a:3:{s:6:"status";s:4:"NACK";s:4:"data";s:22:"No request values set!";s:9:"timestamp";i:1308983714;}}', NULL, '2011-06-25 07:35:14'),
(456, '', 'a:1:{i:0;a:3:{s:6:"status";s:4:"NACK";s:4:"data";s:22:"No request values set!";s:9:"timestamp";i:1308984314;}}', NULL, '2011-06-25 07:45:14'),
(457, '', 'a:1:{i:0;a:3:{s:6:"status";s:4:"NACK";s:4:"data";s:22:"No request values set!";s:9:"timestamp";i:1308984914;}}', NULL, '2011-06-25 07:55:14'),
(458, '', 'a:1:{i:0;a:3:{s:6:"status";s:4:"NACK";s:4:"data";s:22:"No request values set!";s:9:"timestamp";i:1308985514;}}', NULL, '2011-06-25 08:05:14'),
(459, '', 'a:1:{i:0;a:3:{s:6:"status";s:4:"NACK";s:4:"data";s:22:"No request values set!";s:9:"timestamp";i:1308986114;}}', NULL, '2011-06-25 08:15:14'),
(460, '', 'a:1:{i:0;a:3:{s:6:"status";s:4:"NACK";s:4:"data";s:22:"No request values set!";s:9:"timestamp";i:1308986714;}}', NULL, '2011-06-25 08:25:14'),
(461, '', 'a:1:{i:0;a:3:{s:6:"status";s:4:"NACK";s:4:"data";s:22:"No request values set!";s:9:"timestamp";i:1308987314;}}', NULL, '2011-06-25 08:35:14'),
(462, '', 'a:1:{i:0;a:3:{s:6:"status";s:4:"NACK";s:4:"data";s:22:"No request values set!";s:9:"timestamp";i:1308987914;}}', NULL, '2011-06-25 08:45:14'),
(463, '', 'a:1:{i:0;a:3:{s:6:"status";s:4:"NACK";s:4:"data";s:22:"No request values set!";s:9:"timestamp";i:1308988514;}}', NULL, '2011-06-25 08:55:14'),
(464, '', 'a:1:{i:0;a:3:{s:6:"status";s:4:"NACK";s:4:"data";s:22:"No request values set!";s:9:"timestamp";i:1308989114;}}', NULL, '2011-06-25 09:05:14'),
(465, '', 'a:1:{i:0;a:3:{s:6:"status";s:4:"NACK";s:4:"data";s:22:"No request values set!";s:9:"timestamp";i:1308989714;}}', NULL, '2011-06-25 09:15:14'),
(466, '', 'a:1:{i:0;a:3:{s:6:"status";s:4:"NACK";s:4:"data";s:22:"No request values set!";s:9:"timestamp";i:1308990314;}}', NULL, '2011-06-25 09:25:14'),
(467, '', 'a:1:{i:0;a:3:{s:6:"status";s:4:"NACK";s:4:"data";s:22:"No request values set!";s:9:"timestamp";i:1308990914;}}', NULL, '2011-06-25 09:35:14'),
(468, '', 'a:1:{i:0;a:3:{s:6:"status";s:4:"NACK";s:4:"data";s:22:"No request values set!";s:9:"timestamp";i:1308991514;}}', NULL, '2011-06-25 09:45:14'),
(469, '', 'a:1:{i:0;a:3:{s:6:"status";s:4:"NACK";s:4:"data";s:22:"No request values set!";s:9:"timestamp";i:1308992114;}}', NULL, '2011-06-25 09:55:14'),
(470, '', 'a:1:{i:0;a:3:{s:6:"status";s:4:"NACK";s:4:"data";s:22:"No request values set!";s:9:"timestamp";i:1308992714;}}', NULL, '2011-06-25 10:05:14'),
(471, '', 'a:1:{i:0;a:3:{s:6:"status";s:4:"NACK";s:4:"data";s:22:"No request values set!";s:9:"timestamp";i:1308993314;}}', NULL, '2011-06-25 10:15:14'),
(472, '', 'a:1:{i:0;a:3:{s:6:"status";s:4:"NACK";s:4:"data";s:22:"No request values set!";s:9:"timestamp";i:1308993914;}}', NULL, '2011-06-25 10:25:14'),
(473, '', 'a:1:{i:0;a:3:{s:6:"status";s:4:"NACK";s:4:"data";s:22:"No request values set!";s:9:"timestamp";i:1308994514;}}', NULL, '2011-06-25 10:35:14'),
(474, '', 'a:1:{i:0;a:3:{s:6:"status";s:4:"NACK";s:4:"data";s:22:"No request values set!";s:9:"timestamp";i:1308995114;}}', NULL, '2011-06-25 10:45:14'),
(475, '', 'a:1:{i:0;a:3:{s:6:"status";s:4:"NACK";s:4:"data";s:22:"No request values set!";s:9:"timestamp";i:1308995714;}}', NULL, '2011-06-25 10:55:14'),
(476, '', 'a:1:{i:0;a:3:{s:6:"status";s:4:"NACK";s:4:"data";s:22:"No request values set!";s:9:"timestamp";i:1308996314;}}', NULL, '2011-06-25 11:05:14'),
(477, '', 'a:1:{i:0;a:3:{s:6:"status";s:4:"NACK";s:4:"data";s:22:"No request values set!";s:9:"timestamp";i:1308996914;}}', NULL, '2011-06-25 11:15:14'),
(478, '', 'a:1:{i:0;a:3:{s:6:"status";s:4:"NACK";s:4:"data";s:22:"No request values set!";s:9:"timestamp";i:1308997514;}}', NULL, '2011-06-25 11:25:14'),
(479, '', 'a:1:{i:0;a:3:{s:6:"status";s:4:"NACK";s:4:"data";s:22:"No request values set!";s:9:"timestamp";i:1308998114;}}', NULL, '2011-06-25 11:35:14'),
(480, '', 'a:1:{i:0;a:3:{s:6:"status";s:4:"NACK";s:4:"data";s:22:"No request values set!";s:9:"timestamp";i:1308998714;}}', NULL, '2011-06-25 11:45:14'),
(481, '', 'a:1:{i:0;a:3:{s:6:"status";s:4:"NACK";s:4:"data";s:22:"No request values set!";s:9:"timestamp";i:1308999314;}}', NULL, '2011-06-25 11:55:14'),
(482, '', 'a:1:{i:0;a:3:{s:6:"status";s:4:"NACK";s:4:"data";s:22:"No request values set!";s:9:"timestamp";i:1308999914;}}', NULL, '2011-06-25 12:05:14'),
(483, '', 'a:1:{i:0;a:3:{s:6:"status";s:4:"NACK";s:4:"data";s:22:"No request values set!";s:9:"timestamp";i:1309000515;}}', NULL, '2011-06-25 12:15:15'),
(484, '', 'a:1:{i:0;a:3:{s:6:"status";s:4:"NACK";s:4:"data";s:22:"No request values set!";s:9:"timestamp";i:1309001114;}}', NULL, '2011-06-25 12:25:14'),
(485, '', 'a:1:{i:0;a:3:{s:6:"status";s:4:"NACK";s:4:"data";s:22:"No request values set!";s:9:"timestamp";i:1309001714;}}', NULL, '2011-06-25 12:35:14'),
(486, '', 'a:1:{i:0;a:3:{s:6:"status";s:4:"NACK";s:4:"data";s:22:"No request values set!";s:9:"timestamp";i:1309002314;}}', NULL, '2011-06-25 12:45:14'),
(487, '', 'a:1:{i:0;a:3:{s:6:"status";s:4:"NACK";s:4:"data";s:22:"No request values set!";s:9:"timestamp";i:1309002914;}}', NULL, '2011-06-25 12:55:14'),
(488, '', 'a:1:{i:0;a:3:{s:6:"status";s:4:"NACK";s:4:"data";s:22:"No request values set!";s:9:"timestamp";i:1309003514;}}', NULL, '2011-06-25 13:05:14'),
(489, '', 'a:1:{i:0;a:3:{s:6:"status";s:4:"NACK";s:4:"data";s:22:"No request values set!";s:9:"timestamp";i:1309004114;}}', NULL, '2011-06-25 13:15:14'),
(490, '', 'a:1:{i:0;a:3:{s:6:"status";s:4:"NACK";s:4:"data";s:22:"No request values set!";s:9:"timestamp";i:1309004714;}}', NULL, '2011-06-25 13:25:14'),
(491, '', 'a:1:{i:0;a:3:{s:6:"status";s:4:"NACK";s:4:"data";s:22:"No request values set!";s:9:"timestamp";i:1309005314;}}', NULL, '2011-06-25 13:35:14'),
(492, '', 'a:1:{i:0;a:3:{s:6:"status";s:4:"NACK";s:4:"data";s:22:"No request values set!";s:9:"timestamp";i:1309005914;}}', NULL, '2011-06-25 13:45:14'),
(493, '', 'a:1:{i:0;a:3:{s:6:"status";s:4:"NACK";s:4:"data";s:22:"No request values set!";s:9:"timestamp";i:1309006514;}}', NULL, '2011-06-25 13:55:14'),
(494, '', 'a:1:{i:0;a:3:{s:6:"status";s:4:"NACK";s:4:"data";s:22:"No request values set!";s:9:"timestamp";i:1309007114;}}', NULL, '2011-06-25 14:05:14'),
(495, '', 'a:1:{i:0;a:3:{s:6:"status";s:4:"NACK";s:4:"data";s:22:"No request values set!";s:9:"timestamp";i:1309007714;}}', NULL, '2011-06-25 14:15:14'),
(496, '', 'a:1:{i:0;a:3:{s:6:"status";s:4:"NACK";s:4:"data";s:22:"No request values set!";s:9:"timestamp";i:1309008314;}}', NULL, '2011-06-25 14:25:14'),
(497, '', 'a:1:{i:0;a:3:{s:6:"status";s:4:"NACK";s:4:"data";s:22:"No request values set!";s:9:"timestamp";i:1309008914;}}', NULL, '2011-06-25 14:35:14'),
(498, '', 'a:1:{i:0;a:3:{s:6:"status";s:4:"NACK";s:4:"data";s:22:"No request values set!";s:9:"timestamp";i:1309009514;}}', NULL, '2011-06-25 14:45:14'),
(499, '', 'a:1:{i:0;a:3:{s:6:"status";s:4:"NACK";s:4:"data";s:22:"No request values set!";s:9:"timestamp";i:1309010114;}}', NULL, '2011-06-25 14:55:14'),
(500, '', 'a:1:{i:0;a:3:{s:6:"status";s:4:"NACK";s:4:"data";s:22:"No request values set!";s:9:"timestamp";i:1309010714;}}', NULL, '2011-06-25 15:05:14'),
(501, '', 'a:1:{i:0;a:3:{s:6:"status";s:4:"NACK";s:4:"data";s:22:"No request values set!";s:9:"timestamp";i:1309011314;}}', NULL, '2011-06-25 15:15:14'),
(502, '', 'a:1:{i:0;a:3:{s:6:"status";s:4:"NACK";s:4:"data";s:22:"No request values set!";s:9:"timestamp";i:1309011914;}}', NULL, '2011-06-25 15:25:14'),
(503, '', 'a:1:{i:0;a:3:{s:6:"status";s:4:"NACK";s:4:"data";s:22:"No request values set!";s:9:"timestamp";i:1309012514;}}', NULL, '2011-06-25 15:35:14'),
(504, '', 'a:1:{i:0;a:3:{s:6:"status";s:4:"NACK";s:4:"data";s:22:"No request values set!";s:9:"timestamp";i:1309013114;}}', NULL, '2011-06-25 15:45:14'),
(505, '', 'a:1:{i:0;a:3:{s:6:"status";s:4:"NACK";s:4:"data";s:22:"No request values set!";s:9:"timestamp";i:1309013714;}}', NULL, '2011-06-25 15:55:14'),
(506, '', 'a:1:{i:0;a:3:{s:6:"status";s:4:"NACK";s:4:"data";s:22:"No request values set!";s:9:"timestamp";i:1309014314;}}', NULL, '2011-06-25 16:05:14'),
(507, '', 'a:1:{i:0;a:3:{s:6:"status";s:4:"NACK";s:4:"data";s:22:"No request values set!";s:9:"timestamp";i:1309014914;}}', NULL, '2011-06-25 16:15:14'),
(508, '', 'a:1:{i:0;a:3:{s:6:"status";s:4:"NACK";s:4:"data";s:22:"No request values set!";s:9:"timestamp";i:1309015514;}}', NULL, '2011-06-25 16:25:14'),
(509, '', 'a:1:{i:0;a:3:{s:6:"status";s:4:"NACK";s:4:"data";s:22:"No request values set!";s:9:"timestamp";i:1309016114;}}', NULL, '2011-06-25 16:35:14'),
(510, '', 'a:1:{i:0;a:3:{s:6:"status";s:4:"NACK";s:4:"data";s:22:"No request values set!";s:9:"timestamp";i:1309016714;}}', NULL, '2011-06-25 16:45:14'),
(511, '', 'a:1:{i:0;a:3:{s:6:"status";s:4:"NACK";s:4:"data";s:22:"No request values set!";s:9:"timestamp";i:1309017314;}}', NULL, '2011-06-25 16:55:14'),
(512, '', 'a:1:{i:0;a:3:{s:6:"status";s:4:"NACK";s:4:"data";s:22:"No request values set!";s:9:"timestamp";i:1309017914;}}', NULL, '2011-06-25 17:05:14'),
(513, '', 'a:1:{i:0;a:3:{s:6:"status";s:4:"NACK";s:4:"data";s:22:"No request values set!";s:9:"timestamp";i:1309018514;}}', NULL, '2011-06-25 17:15:14'),
(514, '', 'a:1:{i:0;a:3:{s:6:"status";s:4:"NACK";s:4:"data";s:22:"No request values set!";s:9:"timestamp";i:1309019114;}}', NULL, '2011-06-25 17:25:14'),
(515, '', 'a:1:{i:0;a:3:{s:6:"status";s:4:"NACK";s:4:"data";s:22:"No request values set!";s:9:"timestamp";i:1309019714;}}', NULL, '2011-06-25 17:35:14'),
(516, '', 'a:1:{i:0;a:3:{s:6:"status";s:4:"NACK";s:4:"data";s:22:"No request values set!";s:9:"timestamp";i:1309020314;}}', NULL, '2011-06-25 17:45:14'),
(517, '', 'a:1:{i:0;a:3:{s:6:"status";s:4:"NACK";s:4:"data";s:22:"No request values set!";s:9:"timestamp";i:1309020914;}}', NULL, '2011-06-25 17:55:14'),
(518, '', 'a:1:{i:0;a:3:{s:6:"status";s:4:"NACK";s:4:"data";s:22:"No request values set!";s:9:"timestamp";i:1309021514;}}', NULL, '2011-06-25 18:05:14'),
(519, '', 'a:1:{i:0;a:3:{s:6:"status";s:4:"NACK";s:4:"data";s:22:"No request values set!";s:9:"timestamp";i:1309022114;}}', NULL, '2011-06-25 18:15:14'),
(520, '', 'a:1:{i:0;a:3:{s:6:"status";s:4:"NACK";s:4:"data";s:22:"No request values set!";s:9:"timestamp";i:1309022714;}}', NULL, '2011-06-25 18:25:14'),
(521, '', 'a:1:{i:0;a:3:{s:6:"status";s:4:"NACK";s:4:"data";s:22:"No request values set!";s:9:"timestamp";i:1309023314;}}', NULL, '2011-06-25 18:35:14'),
(522, '', 'a:1:{i:0;a:3:{s:6:"status";s:4:"NACK";s:4:"data";s:22:"No request values set!";s:9:"timestamp";i:1309023914;}}', NULL, '2011-06-25 18:45:14'),
(523, '', 'a:1:{i:0;a:3:{s:6:"status";s:4:"NACK";s:4:"data";s:22:"No request values set!";s:9:"timestamp";i:1309024514;}}', NULL, '2011-06-25 18:55:14'),
(524, '', 'a:1:{i:0;a:3:{s:6:"status";s:4:"NACK";s:4:"data";s:22:"No request values set!";s:9:"timestamp";i:1309025114;}}', NULL, '2011-06-25 19:05:14'),
(525, '', 'a:1:{i:0;a:3:{s:6:"status";s:4:"NACK";s:4:"data";s:22:"No request values set!";s:9:"timestamp";i:1309025714;}}', NULL, '2011-06-25 19:15:14'),
(526, '', 'a:1:{i:0;a:3:{s:6:"status";s:4:"NACK";s:4:"data";s:22:"No request values set!";s:9:"timestamp";i:1309026314;}}', NULL, '2011-06-25 19:25:14'),
(527, '', 'a:1:{i:0;a:3:{s:6:"status";s:4:"NACK";s:4:"data";s:22:"No request values set!";s:9:"timestamp";i:1309026914;}}', NULL, '2011-06-25 19:35:14'),
(528, '', 'a:1:{i:0;a:3:{s:6:"status";s:4:"NACK";s:4:"data";s:22:"No request values set!";s:9:"timestamp";i:1309027514;}}', NULL, '2011-06-25 19:45:14'),
(529, '', 'a:1:{i:0;a:3:{s:6:"status";s:4:"NACK";s:4:"data";s:22:"No request values set!";s:9:"timestamp";i:1309028114;}}', NULL, '2011-06-25 19:55:14'),
(530, '', 'a:1:{i:0;a:3:{s:6:"status";s:4:"NACK";s:4:"data";s:22:"No request values set!";s:9:"timestamp";i:1309028714;}}', NULL, '2011-06-25 20:05:14'),
(531, '', 'a:1:{i:0;a:3:{s:6:"status";s:4:"NACK";s:4:"data";s:22:"No request values set!";s:9:"timestamp";i:1309029314;}}', NULL, '2011-06-25 20:15:14'),
(532, '', 'a:1:{i:0;a:3:{s:6:"status";s:4:"NACK";s:4:"data";s:22:"No request values set!";s:9:"timestamp";i:1309029914;}}', NULL, '2011-06-25 20:25:14'),
(533, '', 'a:1:{i:0;a:3:{s:6:"status";s:4:"NACK";s:4:"data";s:22:"No request values set!";s:9:"timestamp";i:1309030514;}}', NULL, '2011-06-25 20:35:14'),
(534, '', 'a:1:{i:0;a:3:{s:6:"status";s:4:"NACK";s:4:"data";s:22:"No request values set!";s:9:"timestamp";i:1309031114;}}', NULL, '2011-06-25 20:45:14'),
(535, '', 'a:1:{i:0;a:3:{s:6:"status";s:4:"NACK";s:4:"data";s:22:"No request values set!";s:9:"timestamp";i:1309031714;}}', NULL, '2011-06-25 20:55:14'),
(536, '', 'a:1:{i:0;a:3:{s:6:"status";s:4:"NACK";s:4:"data";s:22:"No request values set!";s:9:"timestamp";i:1309032314;}}', NULL, '2011-06-25 21:05:14'),
(537, '', 'a:1:{i:0;a:3:{s:6:"status";s:4:"NACK";s:4:"data";s:22:"No request values set!";s:9:"timestamp";i:1309032914;}}', NULL, '2011-06-25 21:15:14'),
(538, '', 'a:1:{i:0;a:3:{s:6:"status";s:4:"NACK";s:4:"data";s:22:"No request values set!";s:9:"timestamp";i:1309033514;}}', NULL, '2011-06-25 21:25:14'),
(539, '', 'a:1:{i:0;a:3:{s:6:"status";s:4:"NACK";s:4:"data";s:22:"No request values set!";s:9:"timestamp";i:1309034114;}}', NULL, '2011-06-25 21:35:14'),
(540, '', 'a:1:{i:0;a:3:{s:6:"status";s:4:"NACK";s:4:"data";s:22:"No request values set!";s:9:"timestamp";i:1309034714;}}', NULL, '2011-06-25 21:45:14');
INSERT INTO `api_log` (`al_index`, `al_message`, `al_reply`, `al_result_data`, `al_timestamp`) VALUES
(541, '', 'a:1:{i:0;a:3:{s:6:"status";s:4:"NACK";s:4:"data";s:22:"No request values set!";s:9:"timestamp";i:1309035314;}}', NULL, '2011-06-25 21:55:14'),
(542, '', 'a:1:{i:0;a:3:{s:6:"status";s:4:"NACK";s:4:"data";s:22:"No request values set!";s:9:"timestamp";i:1309035914;}}', NULL, '2011-06-25 22:05:14'),
(543, '', 'a:1:{i:0;a:3:{s:6:"status";s:4:"NACK";s:4:"data";s:22:"No request values set!";s:9:"timestamp";i:1309036514;}}', NULL, '2011-06-25 22:15:14'),
(544, '', 'a:1:{i:0;a:3:{s:6:"status";s:4:"NACK";s:4:"data";s:22:"No request values set!";s:9:"timestamp";i:1309037114;}}', NULL, '2011-06-25 22:25:14'),
(545, '', 'a:1:{i:0;a:3:{s:6:"status";s:4:"NACK";s:4:"data";s:22:"No request values set!";s:9:"timestamp";i:1309037714;}}', NULL, '2011-06-25 22:35:14'),
(546, '', 'a:1:{i:0;a:3:{s:6:"status";s:4:"NACK";s:4:"data";s:22:"No request values set!";s:9:"timestamp";i:1309038314;}}', NULL, '2011-06-25 22:45:14'),
(547, '', 'a:1:{i:0;a:3:{s:6:"status";s:4:"NACK";s:4:"data";s:22:"No request values set!";s:9:"timestamp";i:1309038914;}}', NULL, '2011-06-25 22:55:14'),
(548, '', 'a:1:{i:0;a:3:{s:6:"status";s:4:"NACK";s:4:"data";s:22:"No request values set!";s:9:"timestamp";i:1309039514;}}', NULL, '2011-06-25 23:05:14'),
(549, '', 'a:1:{i:0;a:3:{s:6:"status";s:4:"NACK";s:4:"data";s:22:"No request values set!";s:9:"timestamp";i:1309040114;}}', NULL, '2011-06-25 23:15:14'),
(550, '', 'a:1:{i:0;a:3:{s:6:"status";s:4:"NACK";s:4:"data";s:22:"No request values set!";s:9:"timestamp";i:1309040714;}}', NULL, '2011-06-25 23:25:14'),
(551, '', 'a:1:{i:0;a:3:{s:6:"status";s:4:"NACK";s:4:"data";s:22:"No request values set!";s:9:"timestamp";i:1309041314;}}', NULL, '2011-06-25 23:35:14'),
(552, '', 'a:1:{i:0;a:3:{s:6:"status";s:4:"NACK";s:4:"data";s:22:"No request values set!";s:9:"timestamp";i:1309041914;}}', NULL, '2011-06-25 23:45:14'),
(553, '', 'a:1:{i:0;a:3:{s:6:"status";s:4:"NACK";s:4:"data";s:22:"No request values set!";s:9:"timestamp";i:1309042514;}}', NULL, '2011-06-25 23:55:14'),
(554, '', 'a:1:{i:0;a:3:{s:6:"status";s:4:"NACK";s:4:"data";s:22:"No request values set!";s:9:"timestamp";i:1309043114;}}', NULL, '2011-06-26 00:05:14'),
(555, '', 'a:1:{i:0;a:3:{s:6:"status";s:4:"NACK";s:4:"data";s:22:"No request values set!";s:9:"timestamp";i:1309043714;}}', NULL, '2011-06-26 00:15:14'),
(556, '', 'a:1:{i:0;a:3:{s:6:"status";s:4:"NACK";s:4:"data";s:22:"No request values set!";s:9:"timestamp";i:1309044314;}}', NULL, '2011-06-26 00:25:14'),
(557, '', 'a:1:{i:0;a:3:{s:6:"status";s:4:"NACK";s:4:"data";s:22:"No request values set!";s:9:"timestamp";i:1309044914;}}', NULL, '2011-06-26 00:35:14'),
(558, '', 'a:1:{i:0;a:3:{s:6:"status";s:4:"NACK";s:4:"data";s:22:"No request values set!";s:9:"timestamp";i:1309045514;}}', NULL, '2011-06-26 00:45:14'),
(559, '', 'a:1:{i:0;a:3:{s:6:"status";s:4:"NACK";s:4:"data";s:22:"No request values set!";s:9:"timestamp";i:1309046114;}}', NULL, '2011-06-26 00:55:14'),
(560, '', 'a:1:{i:0;a:3:{s:6:"status";s:4:"NACK";s:4:"data";s:22:"No request values set!";s:9:"timestamp";i:1309046714;}}', NULL, '2011-06-26 01:05:14'),
(561, '', 'a:1:{i:0;a:3:{s:6:"status";s:4:"NACK";s:4:"data";s:22:"No request values set!";s:9:"timestamp";i:1309047314;}}', NULL, '2011-06-26 01:15:14'),
(562, '', 'a:1:{i:0;a:3:{s:6:"status";s:4:"NACK";s:4:"data";s:22:"No request values set!";s:9:"timestamp";i:1309047914;}}', NULL, '2011-06-26 01:25:14'),
(563, '', 'a:1:{i:0;a:3:{s:6:"status";s:4:"NACK";s:4:"data";s:22:"No request values set!";s:9:"timestamp";i:1309048514;}}', NULL, '2011-06-26 01:35:14'),
(564, '', 'a:1:{i:0;a:3:{s:6:"status";s:4:"NACK";s:4:"data";s:22:"No request values set!";s:9:"timestamp";i:1309049114;}}', NULL, '2011-06-26 01:45:14'),
(565, '', 'a:1:{i:0;a:3:{s:6:"status";s:4:"NACK";s:4:"data";s:22:"No request values set!";s:9:"timestamp";i:1309049714;}}', NULL, '2011-06-26 01:55:14'),
(566, '', 'a:1:{i:0;a:3:{s:6:"status";s:4:"NACK";s:4:"data";s:22:"No request values set!";s:9:"timestamp";i:1309050314;}}', NULL, '2011-06-26 02:05:14'),
(567, '', 'a:1:{i:0;a:3:{s:6:"status";s:4:"NACK";s:4:"data";s:22:"No request values set!";s:9:"timestamp";i:1309050914;}}', NULL, '2011-06-26 02:15:14'),
(568, '', 'a:1:{i:0;a:3:{s:6:"status";s:4:"NACK";s:4:"data";s:22:"No request values set!";s:9:"timestamp";i:1309051514;}}', NULL, '2011-06-26 02:25:14'),
(569, '', 'a:1:{i:0;a:3:{s:6:"status";s:4:"NACK";s:4:"data";s:22:"No request values set!";s:9:"timestamp";i:1309052114;}}', NULL, '2011-06-26 02:35:14'),
(570, '', 'a:1:{i:0;a:3:{s:6:"status";s:4:"NACK";s:4:"data";s:22:"No request values set!";s:9:"timestamp";i:1309052714;}}', NULL, '2011-06-26 02:45:14'),
(571, '', 'a:1:{i:0;a:3:{s:6:"status";s:4:"NACK";s:4:"data";s:22:"No request values set!";s:9:"timestamp";i:1309053313;}}', NULL, '2011-06-26 02:55:13'),
(572, '', 'a:1:{i:0;a:3:{s:6:"status";s:4:"NACK";s:4:"data";s:22:"No request values set!";s:9:"timestamp";i:1309053914;}}', NULL, '2011-06-26 03:05:14'),
(573, '', 'a:1:{i:0;a:3:{s:6:"status";s:4:"NACK";s:4:"data";s:22:"No request values set!";s:9:"timestamp";i:1309054514;}}', NULL, '2011-06-26 03:15:14'),
(574, '', 'a:1:{i:0;a:3:{s:6:"status";s:4:"NACK";s:4:"data";s:22:"No request values set!";s:9:"timestamp";i:1309055114;}}', NULL, '2011-06-26 03:25:14'),
(575, '', 'a:1:{i:0;a:3:{s:6:"status";s:4:"NACK";s:4:"data";s:22:"No request values set!";s:9:"timestamp";i:1309055714;}}', NULL, '2011-06-26 03:35:14'),
(576, '', 'a:1:{i:0;a:3:{s:6:"status";s:4:"NACK";s:4:"data";s:22:"No request values set!";s:9:"timestamp";i:1309056314;}}', NULL, '2011-06-26 03:45:14'),
(577, '', 'a:1:{i:0;a:3:{s:6:"status";s:4:"NACK";s:4:"data";s:22:"No request values set!";s:9:"timestamp";i:1309056914;}}', NULL, '2011-06-26 03:55:14'),
(578, '', 'a:1:{i:0;a:3:{s:6:"status";s:4:"NACK";s:4:"data";s:22:"No request values set!";s:9:"timestamp";i:1309057514;}}', NULL, '2011-06-26 04:05:14'),
(579, '', 'a:1:{i:0;a:3:{s:6:"status";s:4:"NACK";s:4:"data";s:22:"No request values set!";s:9:"timestamp";i:1309058114;}}', NULL, '2011-06-26 04:15:14'),
(580, '', 'a:1:{i:0;a:3:{s:6:"status";s:4:"NACK";s:4:"data";s:22:"No request values set!";s:9:"timestamp";i:1309058714;}}', NULL, '2011-06-26 04:25:14'),
(581, '', 'a:1:{i:0;a:3:{s:6:"status";s:4:"NACK";s:4:"data";s:22:"No request values set!";s:9:"timestamp";i:1309059314;}}', NULL, '2011-06-26 04:35:14'),
(582, '', 'a:1:{i:0;a:3:{s:6:"status";s:4:"NACK";s:4:"data";s:22:"No request values set!";s:9:"timestamp";i:1309059914;}}', NULL, '2011-06-26 04:45:14'),
(583, '', 'a:1:{i:0;a:3:{s:6:"status";s:4:"NACK";s:4:"data";s:22:"No request values set!";s:9:"timestamp";i:1309060514;}}', NULL, '2011-06-26 04:55:14'),
(584, '', 'a:1:{i:0;a:3:{s:6:"status";s:4:"NACK";s:4:"data";s:22:"No request values set!";s:9:"timestamp";i:1309061114;}}', NULL, '2011-06-26 05:05:14'),
(585, '', 'a:1:{i:0;a:3:{s:6:"status";s:4:"NACK";s:4:"data";s:22:"No request values set!";s:9:"timestamp";i:1309061714;}}', NULL, '2011-06-26 05:15:14'),
(586, '', 'a:1:{i:0;a:3:{s:6:"status";s:4:"NACK";s:4:"data";s:22:"No request values set!";s:9:"timestamp";i:1309062314;}}', NULL, '2011-06-26 05:25:14'),
(587, '', 'a:1:{i:0;a:3:{s:6:"status";s:4:"NACK";s:4:"data";s:22:"No request values set!";s:9:"timestamp";i:1309062914;}}', NULL, '2011-06-26 05:35:14'),
(588, '', 'a:1:{i:0;a:3:{s:6:"status";s:4:"NACK";s:4:"data";s:22:"No request values set!";s:9:"timestamp";i:1309063514;}}', NULL, '2011-06-26 05:45:14'),
(589, '', 'a:1:{i:0;a:3:{s:6:"status";s:4:"NACK";s:4:"data";s:22:"No request values set!";s:9:"timestamp";i:1309064114;}}', NULL, '2011-06-26 05:55:14'),
(590, '', 'a:1:{i:0;a:3:{s:6:"status";s:4:"NACK";s:4:"data";s:22:"No request values set!";s:9:"timestamp";i:1309064714;}}', NULL, '2011-06-26 06:05:14'),
(591, '', 'a:1:{i:0;a:3:{s:6:"status";s:4:"NACK";s:4:"data";s:22:"No request values set!";s:9:"timestamp";i:1309065314;}}', NULL, '2011-06-26 06:15:14'),
(592, '', 'a:1:{i:0;a:3:{s:6:"status";s:4:"NACK";s:4:"data";s:22:"No request values set!";s:9:"timestamp";i:1309065914;}}', NULL, '2011-06-26 06:25:14'),
(593, '', 'a:1:{i:0;a:3:{s:6:"status";s:4:"NACK";s:4:"data";s:22:"No request values set!";s:9:"timestamp";i:1309066514;}}', NULL, '2011-06-26 06:35:14'),
(594, '', 'a:1:{i:0;a:3:{s:6:"status";s:4:"NACK";s:4:"data";s:22:"No request values set!";s:9:"timestamp";i:1309067114;}}', NULL, '2011-06-26 06:45:14'),
(595, '', 'a:1:{i:0;a:3:{s:6:"status";s:4:"NACK";s:4:"data";s:22:"No request values set!";s:9:"timestamp";i:1309067714;}}', NULL, '2011-06-26 06:55:14'),
(596, '', 'a:1:{i:0;a:3:{s:6:"status";s:4:"NACK";s:4:"data";s:22:"No request values set!";s:9:"timestamp";i:1309068314;}}', NULL, '2011-06-26 07:05:14'),
(597, '', 'a:1:{i:0;a:3:{s:6:"status";s:4:"NACK";s:4:"data";s:22:"No request values set!";s:9:"timestamp";i:1309068914;}}', NULL, '2011-06-26 07:15:14'),
(598, '', 'a:1:{i:0;a:3:{s:6:"status";s:4:"NACK";s:4:"data";s:22:"No request values set!";s:9:"timestamp";i:1309069514;}}', NULL, '2011-06-26 07:25:14'),
(599, '', 'a:1:{i:0;a:3:{s:6:"status";s:4:"NACK";s:4:"data";s:22:"No request values set!";s:9:"timestamp";i:1309070114;}}', NULL, '2011-06-26 07:35:14'),
(600, '', 'a:1:{i:0;a:3:{s:6:"status";s:4:"NACK";s:4:"data";s:22:"No request values set!";s:9:"timestamp";i:1309070714;}}', NULL, '2011-06-26 07:45:14'),
(601, '', 'a:1:{i:0;a:3:{s:6:"status";s:4:"NACK";s:4:"data";s:22:"No request values set!";s:9:"timestamp";i:1309071314;}}', NULL, '2011-06-26 07:55:14'),
(602, '', 'a:1:{i:0;a:3:{s:6:"status";s:4:"NACK";s:4:"data";s:22:"No request values set!";s:9:"timestamp";i:1309071914;}}', NULL, '2011-06-26 08:05:14'),
(603, '', 'a:1:{i:0;a:3:{s:6:"status";s:4:"NACK";s:4:"data";s:22:"No request values set!";s:9:"timestamp";i:1309072514;}}', NULL, '2011-06-26 08:15:14'),
(604, '', 'a:1:{i:0;a:3:{s:6:"status";s:4:"NACK";s:4:"data";s:22:"No request values set!";s:9:"timestamp";i:1309073114;}}', NULL, '2011-06-26 08:25:14'),
(605, '', 'a:1:{i:0;a:3:{s:6:"status";s:4:"NACK";s:4:"data";s:22:"No request values set!";s:9:"timestamp";i:1309073714;}}', NULL, '2011-06-26 08:35:14'),
(606, '', 'a:1:{i:0;a:3:{s:6:"status";s:4:"NACK";s:4:"data";s:22:"No request values set!";s:9:"timestamp";i:1309074315;}}', NULL, '2011-06-26 08:45:15'),
(607, '', 'a:1:{i:0;a:3:{s:6:"status";s:4:"NACK";s:4:"data";s:22:"No request values set!";s:9:"timestamp";i:1309074914;}}', NULL, '2011-06-26 08:55:14'),
(608, '', 'a:1:{i:0;a:3:{s:6:"status";s:4:"NACK";s:4:"data";s:22:"No request values set!";s:9:"timestamp";i:1309075514;}}', NULL, '2011-06-26 09:05:14'),
(609, '', 'a:1:{i:0;a:3:{s:6:"status";s:4:"NACK";s:4:"data";s:22:"No request values set!";s:9:"timestamp";i:1309076114;}}', NULL, '2011-06-26 09:15:14'),
(610, '', 'a:1:{i:0;a:3:{s:6:"status";s:4:"NACK";s:4:"data";s:22:"No request values set!";s:9:"timestamp";i:1309076714;}}', NULL, '2011-06-26 09:25:14'),
(611, '', 'a:1:{i:0;a:3:{s:6:"status";s:4:"NACK";s:4:"data";s:22:"No request values set!";s:9:"timestamp";i:1309077314;}}', NULL, '2011-06-26 09:35:14'),
(612, '', 'a:1:{i:0;a:3:{s:6:"status";s:4:"NACK";s:4:"data";s:22:"No request values set!";s:9:"timestamp";i:1309077914;}}', NULL, '2011-06-26 09:45:14'),
(613, '', 'a:1:{i:0;a:3:{s:6:"status";s:4:"NACK";s:4:"data";s:22:"No request values set!";s:9:"timestamp";i:1309078514;}}', NULL, '2011-06-26 09:55:14'),
(614, '', 'a:1:{i:0;a:3:{s:6:"status";s:4:"NACK";s:4:"data";s:22:"No request values set!";s:9:"timestamp";i:1309079114;}}', NULL, '2011-06-26 10:05:14'),
(615, '', 'a:1:{i:0;a:3:{s:6:"status";s:4:"NACK";s:4:"data";s:22:"No request values set!";s:9:"timestamp";i:1309079714;}}', NULL, '2011-06-26 10:15:14'),
(616, '', 'a:1:{i:0;a:3:{s:6:"status";s:4:"NACK";s:4:"data";s:22:"No request values set!";s:9:"timestamp";i:1309080314;}}', NULL, '2011-06-26 10:25:14'),
(617, '', 'a:1:{i:0;a:3:{s:6:"status";s:4:"NACK";s:4:"data";s:22:"No request values set!";s:9:"timestamp";i:1309080914;}}', NULL, '2011-06-26 10:35:14'),
(618, '', 'a:1:{i:0;a:3:{s:6:"status";s:4:"NACK";s:4:"data";s:22:"No request values set!";s:9:"timestamp";i:1309081514;}}', NULL, '2011-06-26 10:45:14'),
(619, '', 'a:1:{i:0;a:3:{s:6:"status";s:4:"NACK";s:4:"data";s:22:"No request values set!";s:9:"timestamp";i:1309082114;}}', NULL, '2011-06-26 10:55:14'),
(620, '', 'a:1:{i:0;a:3:{s:6:"status";s:4:"NACK";s:4:"data";s:22:"No request values set!";s:9:"timestamp";i:1309082714;}}', NULL, '2011-06-26 11:05:14'),
(621, '', 'a:1:{i:0;a:3:{s:6:"status";s:4:"NACK";s:4:"data";s:22:"No request values set!";s:9:"timestamp";i:1309083314;}}', NULL, '2011-06-26 11:15:14'),
(622, '', 'a:1:{i:0;a:3:{s:6:"status";s:4:"NACK";s:4:"data";s:22:"No request values set!";s:9:"timestamp";i:1309083914;}}', NULL, '2011-06-26 11:25:14'),
(623, '', 'a:1:{i:0;a:3:{s:6:"status";s:4:"NACK";s:4:"data";s:22:"No request values set!";s:9:"timestamp";i:1309084514;}}', NULL, '2011-06-26 11:35:14'),
(624, '', 'a:1:{i:0;a:3:{s:6:"status";s:4:"NACK";s:4:"data";s:22:"No request values set!";s:9:"timestamp";i:1309085114;}}', NULL, '2011-06-26 11:45:14'),
(625, '', 'a:1:{i:0;a:3:{s:6:"status";s:4:"NACK";s:4:"data";s:22:"No request values set!";s:9:"timestamp";i:1309085714;}}', NULL, '2011-06-26 11:55:14'),
(626, '', 'a:1:{i:0;a:3:{s:6:"status";s:4:"NACK";s:4:"data";s:22:"No request values set!";s:9:"timestamp";i:1309086314;}}', NULL, '2011-06-26 12:05:14'),
(627, '', 'a:1:{i:0;a:3:{s:6:"status";s:4:"NACK";s:4:"data";s:22:"No request values set!";s:9:"timestamp";i:1309086914;}}', NULL, '2011-06-26 12:15:14'),
(628, '', 'a:1:{i:0;a:3:{s:6:"status";s:4:"NACK";s:4:"data";s:22:"No request values set!";s:9:"timestamp";i:1309087514;}}', NULL, '2011-06-26 12:25:14'),
(629, '', 'a:1:{i:0;a:3:{s:6:"status";s:4:"NACK";s:4:"data";s:22:"No request values set!";s:9:"timestamp";i:1309088114;}}', NULL, '2011-06-26 12:35:14'),
(630, '', 'a:1:{i:0;a:3:{s:6:"status";s:4:"NACK";s:4:"data";s:22:"No request values set!";s:9:"timestamp";i:1309088714;}}', NULL, '2011-06-26 12:45:14'),
(631, '', 'a:1:{i:0;a:3:{s:6:"status";s:4:"NACK";s:4:"data";s:22:"No request values set!";s:9:"timestamp";i:1309089314;}}', NULL, '2011-06-26 12:55:14'),
(632, '', 'a:1:{i:0;a:3:{s:6:"status";s:4:"NACK";s:4:"data";s:22:"No request values set!";s:9:"timestamp";i:1309089914;}}', NULL, '2011-06-26 13:05:14'),
(633, '', 'a:1:{i:0;a:3:{s:6:"status";s:4:"NACK";s:4:"data";s:22:"No request values set!";s:9:"timestamp";i:1309090514;}}', NULL, '2011-06-26 13:15:14'),
(634, '', 'a:1:{i:0;a:3:{s:6:"status";s:4:"NACK";s:4:"data";s:22:"No request values set!";s:9:"timestamp";i:1309091114;}}', NULL, '2011-06-26 13:25:14'),
(635, '', 'a:1:{i:0;a:3:{s:6:"status";s:4:"NACK";s:4:"data";s:22:"No request values set!";s:9:"timestamp";i:1309091714;}}', NULL, '2011-06-26 13:35:14'),
(636, '', 'a:1:{i:0;a:3:{s:6:"status";s:4:"NACK";s:4:"data";s:22:"No request values set!";s:9:"timestamp";i:1309092313;}}', NULL, '2011-06-26 13:45:13'),
(637, '', 'a:1:{i:0;a:3:{s:6:"status";s:4:"NACK";s:4:"data";s:22:"No request values set!";s:9:"timestamp";i:1309092914;}}', NULL, '2011-06-26 13:55:14'),
(638, '', 'a:1:{i:0;a:3:{s:6:"status";s:4:"NACK";s:4:"data";s:22:"No request values set!";s:9:"timestamp";i:1309093514;}}', NULL, '2011-06-26 14:05:14'),
(639, '', 'a:1:{i:0;a:3:{s:6:"status";s:4:"NACK";s:4:"data";s:22:"No request values set!";s:9:"timestamp";i:1309094114;}}', NULL, '2011-06-26 14:15:14'),
(640, '', 'a:1:{i:0;a:3:{s:6:"status";s:4:"NACK";s:4:"data";s:22:"No request values set!";s:9:"timestamp";i:1309094714;}}', NULL, '2011-06-26 14:25:14'),
(641, '', 'a:1:{i:0;a:3:{s:6:"status";s:4:"NACK";s:4:"data";s:22:"No request values set!";s:9:"timestamp";i:1309095314;}}', NULL, '2011-06-26 14:35:14'),
(642, '', 'a:1:{i:0;a:3:{s:6:"status";s:4:"NACK";s:4:"data";s:22:"No request values set!";s:9:"timestamp";i:1309095915;}}', NULL, '2011-06-26 14:45:15'),
(643, '', 'a:1:{i:0;a:3:{s:6:"status";s:4:"NACK";s:4:"data";s:22:"No request values set!";s:9:"timestamp";i:1309096514;}}', NULL, '2011-06-26 14:55:14'),
(644, '', 'a:1:{i:0;a:3:{s:6:"status";s:4:"NACK";s:4:"data";s:22:"No request values set!";s:9:"timestamp";i:1309097114;}}', NULL, '2011-06-26 15:05:14'),
(645, '', 'a:1:{i:0;a:3:{s:6:"status";s:4:"NACK";s:4:"data";s:22:"No request values set!";s:9:"timestamp";i:1309097714;}}', NULL, '2011-06-26 15:15:14'),
(646, '', 'a:1:{i:0;a:3:{s:6:"status";s:4:"NACK";s:4:"data";s:22:"No request values set!";s:9:"timestamp";i:1309098314;}}', NULL, '2011-06-26 15:25:14'),
(647, '', 'a:1:{i:0;a:3:{s:6:"status";s:4:"NACK";s:4:"data";s:22:"No request values set!";s:9:"timestamp";i:1309098914;}}', NULL, '2011-06-26 15:35:14'),
(648, '', 'a:1:{i:0;a:3:{s:6:"status";s:4:"NACK";s:4:"data";s:22:"No request values set!";s:9:"timestamp";i:1309099514;}}', NULL, '2011-06-26 15:45:14'),
(649, '', 'a:1:{i:0;a:3:{s:6:"status";s:4:"NACK";s:4:"data";s:22:"No request values set!";s:9:"timestamp";i:1309100114;}}', NULL, '2011-06-26 15:55:14'),
(650, '', 'a:1:{i:0;a:3:{s:6:"status";s:4:"NACK";s:4:"data";s:22:"No request values set!";s:9:"timestamp";i:1309100714;}}', NULL, '2011-06-26 16:05:14'),
(651, '', 'a:1:{i:0;a:3:{s:6:"status";s:4:"NACK";s:4:"data";s:22:"No request values set!";s:9:"timestamp";i:1309101314;}}', NULL, '2011-06-26 16:15:14'),
(652, '', 'a:1:{i:0;a:3:{s:6:"status";s:4:"NACK";s:4:"data";s:22:"No request values set!";s:9:"timestamp";i:1309101914;}}', NULL, '2011-06-26 16:25:14'),
(653, '', 'a:1:{i:0;a:3:{s:6:"status";s:4:"NACK";s:4:"data";s:22:"No request values set!";s:9:"timestamp";i:1309102514;}}', NULL, '2011-06-26 16:35:14'),
(654, '', 'a:1:{i:0;a:3:{s:6:"status";s:4:"NACK";s:4:"data";s:22:"No request values set!";s:9:"timestamp";i:1309103114;}}', NULL, '2011-06-26 16:45:14'),
(655, '', 'a:1:{i:0;a:3:{s:6:"status";s:4:"NACK";s:4:"data";s:22:"No request values set!";s:9:"timestamp";i:1309103714;}}', NULL, '2011-06-26 16:55:14'),
(656, '', 'a:1:{i:0;a:3:{s:6:"status";s:4:"NACK";s:4:"data";s:22:"No request values set!";s:9:"timestamp";i:1309104314;}}', NULL, '2011-06-26 17:05:14'),
(657, '', 'a:1:{i:0;a:3:{s:6:"status";s:4:"NACK";s:4:"data";s:22:"No request values set!";s:9:"timestamp";i:1309104914;}}', NULL, '2011-06-26 17:15:14'),
(658, '', 'a:1:{i:0;a:3:{s:6:"status";s:4:"NACK";s:4:"data";s:22:"No request values set!";s:9:"timestamp";i:1309105514;}}', NULL, '2011-06-26 17:25:14'),
(659, '', 'a:1:{i:0;a:3:{s:6:"status";s:4:"NACK";s:4:"data";s:22:"No request values set!";s:9:"timestamp";i:1309106114;}}', NULL, '2011-06-26 17:35:14'),
(660, '', 'a:1:{i:0;a:3:{s:6:"status";s:4:"NACK";s:4:"data";s:22:"No request values set!";s:9:"timestamp";i:1309106714;}}', NULL, '2011-06-26 17:45:14'),
(661, '', 'a:1:{i:0;a:3:{s:6:"status";s:4:"NACK";s:4:"data";s:22:"No request values set!";s:9:"timestamp";i:1309107314;}}', NULL, '2011-06-26 17:55:14'),
(662, '', 'a:1:{i:0;a:3:{s:6:"status";s:4:"NACK";s:4:"data";s:22:"No request values set!";s:9:"timestamp";i:1309107914;}}', NULL, '2011-06-26 18:05:14'),
(663, '', 'a:1:{i:0;a:3:{s:6:"status";s:4:"NACK";s:4:"data";s:22:"No request values set!";s:9:"timestamp";i:1309108514;}}', NULL, '2011-06-26 18:15:14'),
(664, '', 'a:1:{i:0;a:3:{s:6:"status";s:4:"NACK";s:4:"data";s:22:"No request values set!";s:9:"timestamp";i:1309109114;}}', NULL, '2011-06-26 18:25:14'),
(665, '', 'a:1:{i:0;a:3:{s:6:"status";s:4:"NACK";s:4:"data";s:22:"No request values set!";s:9:"timestamp";i:1309109714;}}', NULL, '2011-06-26 18:35:14'),
(666, '', 'a:1:{i:0;a:3:{s:6:"status";s:4:"NACK";s:4:"data";s:22:"No request values set!";s:9:"timestamp";i:1309110314;}}', NULL, '2011-06-26 18:45:14'),
(667, '', 'a:1:{i:0;a:3:{s:6:"status";s:4:"NACK";s:4:"data";s:22:"No request values set!";s:9:"timestamp";i:1309110914;}}', NULL, '2011-06-26 18:55:14'),
(668, '', 'a:1:{i:0;a:3:{s:6:"status";s:4:"NACK";s:4:"data";s:22:"No request values set!";s:9:"timestamp";i:1309111514;}}', NULL, '2011-06-26 19:05:14'),
(669, '', 'a:1:{i:0;a:3:{s:6:"status";s:4:"NACK";s:4:"data";s:22:"No request values set!";s:9:"timestamp";i:1309112114;}}', NULL, '2011-06-26 19:15:14'),
(670, '', 'a:1:{i:0;a:3:{s:6:"status";s:4:"NACK";s:4:"data";s:22:"No request values set!";s:9:"timestamp";i:1309112714;}}', NULL, '2011-06-26 19:25:14'),
(671, '', 'a:1:{i:0;a:3:{s:6:"status";s:4:"NACK";s:4:"data";s:22:"No request values set!";s:9:"timestamp";i:1309113314;}}', NULL, '2011-06-26 19:35:14'),
(672, '', 'a:1:{i:0;a:3:{s:6:"status";s:4:"NACK";s:4:"data";s:22:"No request values set!";s:9:"timestamp";i:1309113914;}}', NULL, '2011-06-26 19:45:14'),
(673, '', 'a:1:{i:0;a:3:{s:6:"status";s:4:"NACK";s:4:"data";s:22:"No request values set!";s:9:"timestamp";i:1309114514;}}', NULL, '2011-06-26 19:55:14'),
(674, '', 'a:1:{i:0;a:3:{s:6:"status";s:4:"NACK";s:4:"data";s:22:"No request values set!";s:9:"timestamp";i:1309115114;}}', NULL, '2011-06-26 20:05:14'),
(675, '', 'a:1:{i:0;a:3:{s:6:"status";s:4:"NACK";s:4:"data";s:22:"No request values set!";s:9:"timestamp";i:1309115714;}}', NULL, '2011-06-26 20:15:14'),
(676, '', 'a:1:{i:0;a:3:{s:6:"status";s:4:"NACK";s:4:"data";s:22:"No request values set!";s:9:"timestamp";i:1309116314;}}', NULL, '2011-06-26 20:25:14'),
(677, '', 'a:1:{i:0;a:3:{s:6:"status";s:4:"NACK";s:4:"data";s:22:"No request values set!";s:9:"timestamp";i:1309116914;}}', NULL, '2011-06-26 20:35:14'),
(678, '', 'a:1:{i:0;a:3:{s:6:"status";s:4:"NACK";s:4:"data";s:22:"No request values set!";s:9:"timestamp";i:1309117514;}}', NULL, '2011-06-26 20:45:14'),
(679, '', 'a:1:{i:0;a:3:{s:6:"status";s:4:"NACK";s:4:"data";s:22:"No request values set!";s:9:"timestamp";i:1309118114;}}', NULL, '2011-06-26 20:55:14'),
(680, '', 'a:1:{i:0;a:3:{s:6:"status";s:4:"NACK";s:4:"data";s:22:"No request values set!";s:9:"timestamp";i:1309118714;}}', NULL, '2011-06-26 21:05:14'),
(681, '', 'a:1:{i:0;a:3:{s:6:"status";s:4:"NACK";s:4:"data";s:22:"No request values set!";s:9:"timestamp";i:1309119315;}}', NULL, '2011-06-26 21:15:15'),
(682, '', 'a:1:{i:0;a:3:{s:6:"status";s:4:"NACK";s:4:"data";s:22:"No request values set!";s:9:"timestamp";i:1309119914;}}', NULL, '2011-06-26 21:25:14'),
(683, '', 'a:1:{i:0;a:3:{s:6:"status";s:4:"NACK";s:4:"data";s:22:"No request values set!";s:9:"timestamp";i:1309120514;}}', NULL, '2011-06-26 21:35:14'),
(684, '', 'a:1:{i:0;a:3:{s:6:"status";s:4:"NACK";s:4:"data";s:22:"No request values set!";s:9:"timestamp";i:1309121114;}}', NULL, '2011-06-26 21:45:14'),
(685, '', 'a:1:{i:0;a:3:{s:6:"status";s:4:"NACK";s:4:"data";s:22:"No request values set!";s:9:"timestamp";i:1309121714;}}', NULL, '2011-06-26 21:55:14'),
(686, '', 'a:1:{i:0;a:3:{s:6:"status";s:4:"NACK";s:4:"data";s:22:"No request values set!";s:9:"timestamp";i:1309122314;}}', NULL, '2011-06-26 22:05:14'),
(687, '', 'a:1:{i:0;a:3:{s:6:"status";s:4:"NACK";s:4:"data";s:22:"No request values set!";s:9:"timestamp";i:1309122914;}}', NULL, '2011-06-26 22:15:14'),
(688, '', 'a:1:{i:0;a:3:{s:6:"status";s:4:"NACK";s:4:"data";s:22:"No request values set!";s:9:"timestamp";i:1309123514;}}', NULL, '2011-06-26 22:25:14'),
(689, '', 'a:1:{i:0;a:3:{s:6:"status";s:4:"NACK";s:4:"data";s:22:"No request values set!";s:9:"timestamp";i:1309124114;}}', NULL, '2011-06-26 22:35:14'),
(690, '', 'a:1:{i:0;a:3:{s:6:"status";s:4:"NACK";s:4:"data";s:22:"No request values set!";s:9:"timestamp";i:1309124714;}}', NULL, '2011-06-26 22:45:14'),
(691, '', 'a:1:{i:0;a:3:{s:6:"status";s:4:"NACK";s:4:"data";s:22:"No request values set!";s:9:"timestamp";i:1309125314;}}', NULL, '2011-06-26 22:55:14'),
(692, '', 'a:1:{i:0;a:3:{s:6:"status";s:4:"NACK";s:4:"data";s:22:"No request values set!";s:9:"timestamp";i:1309125914;}}', NULL, '2011-06-26 23:05:14'),
(693, '', 'a:1:{i:0;a:3:{s:6:"status";s:4:"NACK";s:4:"data";s:22:"No request values set!";s:9:"timestamp";i:1309126514;}}', NULL, '2011-06-26 23:15:14'),
(694, '', 'a:1:{i:0;a:3:{s:6:"status";s:4:"NACK";s:4:"data";s:22:"No request values set!";s:9:"timestamp";i:1309127114;}}', NULL, '2011-06-26 23:25:14'),
(695, '', 'a:1:{i:0;a:3:{s:6:"status";s:4:"NACK";s:4:"data";s:22:"No request values set!";s:9:"timestamp";i:1309127714;}}', NULL, '2011-06-26 23:35:14'),
(696, '', 'a:1:{i:0;a:3:{s:6:"status";s:4:"NACK";s:4:"data";s:22:"No request values set!";s:9:"timestamp";i:1309128314;}}', NULL, '2011-06-26 23:45:14'),
(697, '', 'a:1:{i:0;a:3:{s:6:"status";s:4:"NACK";s:4:"data";s:22:"No request values set!";s:9:"timestamp";i:1309128914;}}', NULL, '2011-06-26 23:55:14'),
(698, '', 'a:1:{i:0;a:3:{s:6:"status";s:4:"NACK";s:4:"data";s:22:"No request values set!";s:9:"timestamp";i:1309129514;}}', NULL, '2011-06-27 00:05:14'),
(699, '', 'a:1:{i:0;a:3:{s:6:"status";s:4:"NACK";s:4:"data";s:22:"No request values set!";s:9:"timestamp";i:1309130114;}}', NULL, '2011-06-27 00:15:14'),
(700, '', 'a:1:{i:0;a:3:{s:6:"status";s:4:"NACK";s:4:"data";s:22:"No request values set!";s:9:"timestamp";i:1309130714;}}', NULL, '2011-06-27 00:25:14'),
(701, '', 'a:1:{i:0;a:3:{s:6:"status";s:4:"NACK";s:4:"data";s:22:"No request values set!";s:9:"timestamp";i:1309131314;}}', NULL, '2011-06-27 00:35:14'),
(702, '', 'a:1:{i:0;a:3:{s:6:"status";s:4:"NACK";s:4:"data";s:22:"No request values set!";s:9:"timestamp";i:1309131914;}}', NULL, '2011-06-27 00:45:14'),
(703, '', 'a:1:{i:0;a:3:{s:6:"status";s:4:"NACK";s:4:"data";s:22:"No request values set!";s:9:"timestamp";i:1309132514;}}', NULL, '2011-06-27 00:55:14'),
(704, '', 'a:1:{i:0;a:3:{s:6:"status";s:4:"NACK";s:4:"data";s:22:"No request values set!";s:9:"timestamp";i:1309133114;}}', NULL, '2011-06-27 01:05:14'),
(705, '', 'a:1:{i:0;a:3:{s:6:"status";s:4:"NACK";s:4:"data";s:22:"No request values set!";s:9:"timestamp";i:1309133714;}}', NULL, '2011-06-27 01:15:14'),
(706, '', 'a:1:{i:0;a:3:{s:6:"status";s:4:"NACK";s:4:"data";s:22:"No request values set!";s:9:"timestamp";i:1309134314;}}', NULL, '2011-06-27 01:25:14'),
(707, '', 'a:1:{i:0;a:3:{s:6:"status";s:4:"NACK";s:4:"data";s:22:"No request values set!";s:9:"timestamp";i:1309134914;}}', NULL, '2011-06-27 01:35:14'),
(708, '', 'a:1:{i:0;a:3:{s:6:"status";s:4:"NACK";s:4:"data";s:22:"No request values set!";s:9:"timestamp";i:1309135514;}}', NULL, '2011-06-27 01:45:14'),
(709, '', 'a:1:{i:0;a:3:{s:6:"status";s:4:"NACK";s:4:"data";s:22:"No request values set!";s:9:"timestamp";i:1309136114;}}', NULL, '2011-06-27 01:55:14'),
(710, '', 'a:1:{i:0;a:3:{s:6:"status";s:4:"NACK";s:4:"data";s:22:"No request values set!";s:9:"timestamp";i:1309136714;}}', NULL, '2011-06-27 02:05:14'),
(711, '', 'a:1:{i:0;a:3:{s:6:"status";s:4:"NACK";s:4:"data";s:22:"No request values set!";s:9:"timestamp";i:1309137314;}}', NULL, '2011-06-27 02:15:14'),
(712, '', 'a:1:{i:0;a:3:{s:6:"status";s:4:"NACK";s:4:"data";s:22:"No request values set!";s:9:"timestamp";i:1309137914;}}', NULL, '2011-06-27 02:25:14'),
(713, '', 'a:1:{i:0;a:3:{s:6:"status";s:4:"NACK";s:4:"data";s:22:"No request values set!";s:9:"timestamp";i:1309138514;}}', NULL, '2011-06-27 02:35:14'),
(714, '', 'a:1:{i:0;a:3:{s:6:"status";s:4:"NACK";s:4:"data";s:22:"No request values set!";s:9:"timestamp";i:1309139114;}}', NULL, '2011-06-27 02:45:14'),
(715, '', 'a:1:{i:0;a:3:{s:6:"status";s:4:"NACK";s:4:"data";s:22:"No request values set!";s:9:"timestamp";i:1309139714;}}', NULL, '2011-06-27 02:55:14'),
(716, '', 'a:1:{i:0;a:3:{s:6:"status";s:4:"NACK";s:4:"data";s:22:"No request values set!";s:9:"timestamp";i:1309140314;}}', NULL, '2011-06-27 03:05:14'),
(717, '', 'a:1:{i:0;a:3:{s:6:"status";s:4:"NACK";s:4:"data";s:22:"No request values set!";s:9:"timestamp";i:1309140914;}}', NULL, '2011-06-27 03:15:14'),
(718, '', 'a:1:{i:0;a:3:{s:6:"status";s:4:"NACK";s:4:"data";s:22:"No request values set!";s:9:"timestamp";i:1309141514;}}', NULL, '2011-06-27 03:25:14'),
(719, '', 'a:1:{i:0;a:3:{s:6:"status";s:4:"NACK";s:4:"data";s:22:"No request values set!";s:9:"timestamp";i:1309142114;}}', NULL, '2011-06-27 03:35:14'),
(720, '', 'a:1:{i:0;a:3:{s:6:"status";s:4:"NACK";s:4:"data";s:22:"No request values set!";s:9:"timestamp";i:1309142714;}}', NULL, '2011-06-27 03:45:14'),
(721, '', 'a:1:{i:0;a:3:{s:6:"status";s:4:"NACK";s:4:"data";s:22:"No request values set!";s:9:"timestamp";i:1309143314;}}', NULL, '2011-06-27 03:55:14'),
(722, '', 'a:1:{i:0;a:3:{s:6:"status";s:4:"NACK";s:4:"data";s:22:"No request values set!";s:9:"timestamp";i:1309143914;}}', NULL, '2011-06-27 04:05:14'),
(723, '', 'a:1:{i:0;a:3:{s:6:"status";s:4:"NACK";s:4:"data";s:22:"No request values set!";s:9:"timestamp";i:1309144514;}}', NULL, '2011-06-27 04:15:14'),
(724, '', 'a:1:{i:0;a:3:{s:6:"status";s:4:"NACK";s:4:"data";s:22:"No request values set!";s:9:"timestamp";i:1309145114;}}', NULL, '2011-06-27 04:25:14'),
(725, '', 'a:1:{i:0;a:3:{s:6:"status";s:4:"NACK";s:4:"data";s:22:"No request values set!";s:9:"timestamp";i:1309145714;}}', NULL, '2011-06-27 04:35:14'),
(726, '', 'a:1:{i:0;a:3:{s:6:"status";s:4:"NACK";s:4:"data";s:22:"No request values set!";s:9:"timestamp";i:1309146314;}}', NULL, '2011-06-27 04:45:14'),
(727, '', 'a:1:{i:0;a:3:{s:6:"status";s:4:"NACK";s:4:"data";s:22:"No request values set!";s:9:"timestamp";i:1309146914;}}', NULL, '2011-06-27 04:55:14'),
(728, '', 'a:1:{i:0;a:3:{s:6:"status";s:4:"NACK";s:4:"data";s:22:"No request values set!";s:9:"timestamp";i:1309147514;}}', NULL, '2011-06-27 05:05:14'),
(729, '', 'a:1:{i:0;a:3:{s:6:"status";s:4:"NACK";s:4:"data";s:22:"No request values set!";s:9:"timestamp";i:1309148114;}}', NULL, '2011-06-27 05:15:14'),
(730, '', 'a:1:{i:0;a:3:{s:6:"status";s:4:"NACK";s:4:"data";s:22:"No request values set!";s:9:"timestamp";i:1309148714;}}', NULL, '2011-06-27 05:25:14'),
(731, '', 'a:1:{i:0;a:3:{s:6:"status";s:4:"NACK";s:4:"data";s:22:"No request values set!";s:9:"timestamp";i:1309149314;}}', NULL, '2011-06-27 05:35:14'),
(732, '', 'a:1:{i:0;a:3:{s:6:"status";s:4:"NACK";s:4:"data";s:22:"No request values set!";s:9:"timestamp";i:1309149914;}}', NULL, '2011-06-27 05:45:14'),
(733, '', 'a:1:{i:0;a:3:{s:6:"status";s:4:"NACK";s:4:"data";s:22:"No request values set!";s:9:"timestamp";i:1309150514;}}', NULL, '2011-06-27 05:55:14'),
(734, '', 'a:1:{i:0;a:3:{s:6:"status";s:4:"NACK";s:4:"data";s:22:"No request values set!";s:9:"timestamp";i:1309151114;}}', NULL, '2011-06-27 06:05:14'),
(735, '', 'a:1:{i:0;a:3:{s:6:"status";s:4:"NACK";s:4:"data";s:22:"No request values set!";s:9:"timestamp";i:1309151714;}}', NULL, '2011-06-27 06:15:14'),
(736, '', 'a:1:{i:0;a:3:{s:6:"status";s:4:"NACK";s:4:"data";s:22:"No request values set!";s:9:"timestamp";i:1309152314;}}', NULL, '2011-06-27 06:25:14'),
(737, '', 'a:1:{i:0;a:3:{s:6:"status";s:4:"NACK";s:4:"data";s:22:"No request values set!";s:9:"timestamp";i:1309152914;}}', NULL, '2011-06-27 06:35:14'),
(738, '', 'a:1:{i:0;a:3:{s:6:"status";s:4:"NACK";s:4:"data";s:22:"No request values set!";s:9:"timestamp";i:1309153514;}}', NULL, '2011-06-27 06:45:14'),
(739, '', 'a:1:{i:0;a:3:{s:6:"status";s:4:"NACK";s:4:"data";s:22:"No request values set!";s:9:"timestamp";i:1309154114;}}', NULL, '2011-06-27 06:55:14'),
(740, '', 'a:1:{i:0;a:3:{s:6:"status";s:4:"NACK";s:4:"data";s:22:"No request values set!";s:9:"timestamp";i:1309154714;}}', NULL, '2011-06-27 07:05:14'),
(741, '', 'a:1:{i:0;a:3:{s:6:"status";s:4:"NACK";s:4:"data";s:22:"No request values set!";s:9:"timestamp";i:1309155314;}}', NULL, '2011-06-27 07:15:14'),
(742, '', 'a:1:{i:0;a:3:{s:6:"status";s:4:"NACK";s:4:"data";s:22:"No request values set!";s:9:"timestamp";i:1309155914;}}', NULL, '2011-06-27 07:25:14'),
(743, '', 'a:1:{i:0;a:3:{s:6:"status";s:4:"NACK";s:4:"data";s:22:"No request values set!";s:9:"timestamp";i:1309156514;}}', NULL, '2011-06-27 07:35:14'),
(744, '', 'a:1:{i:0;a:3:{s:6:"status";s:4:"NACK";s:4:"data";s:22:"No request values set!";s:9:"timestamp";i:1309157114;}}', NULL, '2011-06-27 07:45:14'),
(745, '', 'a:1:{i:0;a:3:{s:6:"status";s:4:"NACK";s:4:"data";s:22:"No request values set!";s:9:"timestamp";i:1309157714;}}', NULL, '2011-06-27 07:55:14'),
(746, '', 'a:1:{i:0;a:3:{s:6:"status";s:4:"NACK";s:4:"data";s:22:"No request values set!";s:9:"timestamp";i:1309158314;}}', NULL, '2011-06-27 08:05:14'),
(747, '', 'a:1:{i:0;a:3:{s:6:"status";s:4:"NACK";s:4:"data";s:22:"No request values set!";s:9:"timestamp";i:1309158914;}}', NULL, '2011-06-27 08:15:14'),
(748, '', 'a:1:{i:0;a:3:{s:6:"status";s:4:"NACK";s:4:"data";s:22:"No request values set!";s:9:"timestamp";i:1309159514;}}', NULL, '2011-06-27 08:25:14'),
(749, '', 'a:1:{i:0;a:3:{s:6:"status";s:4:"NACK";s:4:"data";s:22:"No request values set!";s:9:"timestamp";i:1309160114;}}', NULL, '2011-06-27 08:35:14'),
(750, '', 'a:1:{i:0;a:3:{s:6:"status";s:4:"NACK";s:4:"data";s:22:"No request values set!";s:9:"timestamp";i:1309160714;}}', NULL, '2011-06-27 08:45:14'),
(751, '', 'a:1:{i:0;a:3:{s:6:"status";s:4:"NACK";s:4:"data";s:22:"No request values set!";s:9:"timestamp";i:1309161314;}}', NULL, '2011-06-27 08:55:14'),
(752, '', 'a:1:{i:0;a:3:{s:6:"status";s:4:"NACK";s:4:"data";s:22:"No request values set!";s:9:"timestamp";i:1309161914;}}', NULL, '2011-06-27 09:05:14'),
(753, '', 'a:1:{i:0;a:3:{s:6:"status";s:4:"NACK";s:4:"data";s:22:"No request values set!";s:9:"timestamp";i:1309162514;}}', NULL, '2011-06-27 09:15:14'),
(754, '', 'a:1:{i:0;a:3:{s:6:"status";s:4:"NACK";s:4:"data";s:22:"No request values set!";s:9:"timestamp";i:1309163114;}}', NULL, '2011-06-27 09:25:14'),
(755, 'mess={"command":"transfer-file-to-media-server","number":15,"data":[{"source_path":"1471_itunesstuff/3gp/","destination_path":"1471_itunesstuff/3gp/","filename":"rss2.xml"},{"source_path":"1471_itunesstuff/audio/","destination_path":"1471_itunesstuff/audio/","filename":"rss2.xml"},{"source_path":"1471_itunesstuff/desktop/","destination_path":"1471_itunesstuff/desktop/","filename":"rss2.xml"},{"source_path":"1471_itunesstuff/hd/","destination_path":"1471_itunesstuff/hd/","filename":"rss2.xml"},{"source_path":"1471_itunesstuff/iphone/","destination_path":"1471_itunesstuff/iphone/","filename":"rss2.xml"},{"source_path":"1471_itunesstuff/ipod/","destination_path":"1471_itunesstuff/ipod/","filename":"rss2.xml"},{"source_path":"1471_itunesstuff/large/","destination_path":"1471_itunesstuff/large/","filename":"rss2.xml"},{"source_path":"1471_itunesstuff/transcript/","destination_path":"1471_itunesstuff/transcript/","filename":"rss2.xml"},{"source_path":"1471_itunesstuff/youtube/","destination_path":"1471_itunesstuff/youtube/","filename":"rss2.xml"},{"source_path":"1471_itunesstuff/extra/","destination_path":"1471_itunesstuff/extra/","filename":"rss2.xml"},{"source_path":"1471_itunesstuff/","destination_path":"1471_itunesstuff/","filename":"rss2.xml"},{"source_path":"1471_itunesstuff/high/","destination_path":"1471_itunesstuff/high/","filename":"rss2.xml"},{"source_path":"1471_itunesstuff/ipod-all/","destination_path":"1471_itunesstuff/ipod-all/","filename":"rss2.xml"},{"source_path":"1471_itunesstuff/desktop-all/","destination_path":"1471_itunesstuff/desktop-all/","filename":"rss2.xml"},{"source_path":"1471_itunesstuff/epub/","destination_path":"1471_itunesstuff/epub/","filename":"rss2.xml"}],"timestamp":1309163528}', 'a:1:{i:0;a:6:{s:7:"command";s:29:"transfer-file-to-media-server";s:6:"number";i:15;s:4:"data";s:17:"Queued admin-api!";s:6:"status";s:3:"ACK";s:9:"timestamp";i:1309163528;s:7:"mqIndex";i:92;}}', NULL, '2011-06-27 09:32:08'),
(756, 'mess={"command":"transfer-file-to-media-server","number":15,"data":[{"source_path":"1471_itunesstuff/3gp/","destination_path":"1471_itunesstuff/3gp/","filename":"rss2.xml"},{"source_path":"1471_itunesstuff/audio/","destination_path":"1471_itunesstuff/audio/","filename":"rss2.xml"},{"source_path":"1471_itunesstuff/desktop/","destination_path":"1471_itunesstuff/desktop/","filename":"rss2.xml"},{"source_path":"1471_itunesstuff/hd/","destination_path":"1471_itunesstuff/hd/","filename":"rss2.xml"},{"source_path":"1471_itunesstuff/iphone/","destination_path":"1471_itunesstuff/iphone/","filename":"rss2.xml"},{"source_path":"1471_itunesstuff/ipod/","destination_path":"1471_itunesstuff/ipod/","filename":"rss2.xml"},{"source_path":"1471_itunesstuff/large/","destination_path":"1471_itunesstuff/large/","filename":"rss2.xml"},{"source_path":"1471_itunesstuff/transcript/","destination_path":"1471_itunesstuff/transcript/","filename":"rss2.xml"},{"source_path":"1471_itunesstuff/youtube/","destination_path":"1471_itunesstuff/youtube/","filename":"rss2.xml"},{"source_path":"1471_itunesstuff/extra/","destination_path":"1471_itunesstuff/extra/","filename":"rss2.xml"},{"source_path":"1471_itunesstuff/","destination_path":"1471_itunesstuff/","filename":"rss2.xml"},{"source_path":"1471_itunesstuff/high/","destination_path":"1471_itunesstuff/high/","filename":"rss2.xml"},{"source_path":"1471_itunesstuff/ipod-all/","destination_path":"1471_itunesstuff/ipod-all/","filename":"rss2.xml"},{"source_path":"1471_itunesstuff/desktop-all/","destination_path":"1471_itunesstuff/desktop-all/","filename":"rss2.xml"},{"source_path":"1471_itunesstuff/epub/","destination_path":"1471_itunesstuff/epub/","filename":"rss2.xml"}],"timestamp":1309163537}', 'a:1:{i:0;a:6:{s:7:"command";s:29:"transfer-file-to-media-server";s:6:"number";i:15;s:4:"data";s:17:"Queued admin-api!";s:6:"status";s:3:"ACK";s:9:"timestamp";i:1309163537;s:7:"mqIndex";i:93;}}', NULL, '2011-06-27 09:32:18'),
(757, 'mess={"command":"transfer-file-to-media-server","number":15,"data":[{"source_path":"1469_comicstripcharacters/3gp/","destination_path":"1469_comicstripcharacters/3gp/","filename":"rss2.xml"},{"source_path":"1469_comicstripcharacters/audio/","destination_path":"1469_comicstripcharacters/audio/","filename":"rss2.xml"},{"source_path":"1469_comicstripcharacters/desktop/","destination_path":"1469_comicstripcharacters/desktop/","filename":"rss2.xml"},{"source_path":"1469_comicstripcharacters/hd/","destination_path":"1469_comicstripcharacters/hd/","filename":"rss2.xml"},{"source_path":"1469_comicstripcharacters/iphone/","destination_path":"1469_comicstripcharacters/iphone/","filename":"rss2.xml"},{"source_path":"1469_comicstripcharacters/ipod/","destination_path":"1469_comicstripcharacters/ipod/","filename":"rss2.xml"},{"source_path":"1469_comicstripcharacters/large/","destination_path":"1469_comicstripcharacters/large/","filename":"rss2.xml"},{"source_path":"1469_comicstripcharacters/transcript/","destination_path":"1469_comicstripcharacters/transcript/","filename":"rss2.xml"},{"source_path":"1469_comicstripcharacters/youtube/","destination_path":"1469_comicstripcharacters/youtube/","filename":"rss2.xml"},{"source_path":"1469_comicstripcharacters/extra/","destination_path":"1469_comicstripcharacters/extra/","filename":"rss2.xml"},{"source_path":"1469_comicstripcharacters/","destination_path":"1469_comicstripcharacters/","filename":"rss2.xml"},{"source_path":"1469_comicstripcharacters/high/","destination_path":"1469_comicstripcharacters/high/","filename":"rss2.xml"},{"source_path":"1469_comicstripcharacters/ipod-all/","destination_path":"1469_comicstripcharacters/ipod-all/","filename":"rss2.xml"},{"source_path":"1469_comicstripcharacters/desktop-all/","destination_path":"1469_comicstripcharacters/desktop-all/","filename":"rss2.xml"},{"source_path":"1469_comicstripcharacters/epub/","destination_path":"1469_comicstripcharacters/epub/","filename":"rss2.xml"}],"timestamp":1309163539}', 'a:1:{i:0;a:6:{s:7:"command";s:29:"transfer-file-to-media-server";s:6:"number";i:15;s:4:"data";s:17:"Queued admin-api!";s:6:"status";s:3:"ACK";s:9:"timestamp";i:1309163539;s:7:"mqIndex";i:94;}}', NULL, '2011-06-27 09:32:19'),
(758, '', 'a:1:{i:0;a:3:{s:6:"status";s:4:"NACK";s:4:"data";s:22:"No request values set!";s:9:"timestamp";i:1309163714;}}', NULL, '2011-06-27 09:35:14'),
(759, 'mess={"command":"transfer-file-to-media-server","number":3,"data":{"source_path":"/","target_path":"/","filename":".htaccess"},"timestamp":1309163845}', 'a:1:{i:0;a:6:{s:7:"command";s:29:"transfer-file-to-media-server";s:6:"number";i:0;s:4:"data";s:17:"Queued admin-api!";s:6:"status";s:3:"ACK";s:9:"timestamp";i:1309163845;s:7:"mqIndex";i:95;}}', NULL, '2011-06-27 09:37:25'),
(760, 'mess={"command":"transfer-file-to-media-server","number":3,"data":{"source_path":"/","target_path":"/","filename":".htaccess"},"timestamp":1309163903}', 'a:1:{i:0;a:6:{s:7:"command";s:29:"transfer-file-to-media-server";s:6:"number";i:0;s:4:"data";s:17:"Queued admin-api!";s:6:"status";s:3:"ACK";s:9:"timestamp";i:1309163903;s:7:"mqIndex";i:96;}}', NULL, '2011-06-27 09:38:23'),
(761, 'mess={"command":"delete-folder-on-media-server","number":1,"data":[{"source_path":"/"}],"timestamp":1309164040}', 'a:1:{i:0;a:6:{s:7:"command";s:29:"delete-folder-on-media-server";s:6:"number";i:1;s:4:"data";s:17:"Queued admin-api!";s:6:"status";s:3:"ACK";s:9:"timestamp";i:1309164040;s:7:"mqIndex";i:97;}}', NULL, '2011-06-27 09:40:40'),
(762, 'mess={"command":"transfer-file-to-media-server","number":15,"data":[{"source_path":"1473_test1/3gp/","destination_path":"1473_test1/3gp/","filename":"rss2.xml"},{"source_path":"1473_test1/audio/","destination_path":"1473_test1/audio/","filename":"rss2.xml"},{"source_path":"1473_test1/desktop/","destination_path":"1473_test1/desktop/","filename":"rss2.xml"},{"source_path":"1473_test1/hd/","destination_path":"1473_test1/hd/","filename":"rss2.xml"},{"source_path":"1473_test1/iphone/","destination_path":"1473_test1/iphone/","filename":"rss2.xml"},{"source_path":"1473_test1/ipod/","destination_path":"1473_test1/ipod/","filename":"rss2.xml"},{"source_path":"1473_test1/large/","destination_path":"1473_test1/large/","filename":"rss2.xml"},{"source_path":"1473_test1/transcript/","destination_path":"1473_test1/transcript/","filename":"rss2.xml"},{"source_path":"1473_test1/youtube/","destination_path":"1473_test1/youtube/","filename":"rss2.xml"},{"source_path":"1473_test1/extra/","destination_path":"1473_test1/extra/","filename":"rss2.xml"},{"source_path":"1473_test1/","destination_path":"1473_test1/","filename":"rss2.xml"},{"source_path":"1473_test1/high/","destination_path":"1473_test1/high/","filename":"rss2.xml"},{"source_path":"1473_test1/ipod-all/","destination_path":"1473_test1/ipod-all/","filename":"rss2.xml"},{"source_path":"1473_test1/desktop-all/","destination_path":"1473_test1/desktop-all/","filename":"rss2.xml"},{"source_path":"1473_test1/epub/","destination_path":"1473_test1/epub/","filename":"rss2.xml"}],"timestamp":1309164060}', 'a:1:{i:0;a:6:{s:7:"command";s:29:"transfer-file-to-media-server";s:6:"number";i:15;s:4:"data";s:17:"Queued admin-api!";s:6:"status";s:3:"ACK";s:9:"timestamp";i:1309164060;s:7:"mqIndex";i:98;}}', NULL, '2011-06-27 09:41:01'),
(763, 'mess={"command":"transfer-file-to-media-server","number":15,"data":[{"source_path":"1472_podcast9/3gp/","destination_path":"1472_podcast9/3gp/","filename":"rss2.xml"},{"source_path":"1472_podcast9/audio/","destination_path":"1472_podcast9/audio/","filename":"rss2.xml"},{"source_path":"1472_podcast9/desktop/","destination_path":"1472_podcast9/desktop/","filename":"rss2.xml"},{"source_path":"1472_podcast9/hd/","destination_path":"1472_podcast9/hd/","filename":"rss2.xml"},{"source_path":"1472_podcast9/iphone/","destination_path":"1472_podcast9/iphone/","filename":"rss2.xml"},{"source_path":"1472_podcast9/ipod/","destination_path":"1472_podcast9/ipod/","filename":"rss2.xml"},{"source_path":"1472_podcast9/large/","destination_path":"1472_podcast9/large/","filename":"rss2.xml"},{"source_path":"1472_podcast9/transcript/","destination_path":"1472_podcast9/transcript/","filename":"rss2.xml"},{"source_path":"1472_podcast9/youtube/","destination_path":"1472_podcast9/youtube/","filename":"rss2.xml"},{"source_path":"1472_podcast9/extra/","destination_path":"1472_podcast9/extra/","filename":"rss2.xml"},{"source_path":"1472_podcast9/","destination_path":"1472_podcast9/","filename":"rss2.xml"},{"source_path":"1472_podcast9/high/","destination_path":"1472_podcast9/high/","filename":"rss2.xml"},{"source_path":"1472_podcast9/ipod-all/","destination_path":"1472_podcast9/ipod-all/","filename":"rss2.xml"},{"source_path":"1472_podcast9/desktop-all/","destination_path":"1472_podcast9/desktop-all/","filename":"rss2.xml"},{"source_path":"1472_podcast9/epub/","destination_path":"1472_podcast9/epub/","filename":"rss2.xml"}],"timestamp":1309164062}', 'a:1:{i:0;a:6:{s:7:"command";s:29:"transfer-file-to-media-server";s:6:"number";i:15;s:4:"data";s:17:"Queued admin-api!";s:6:"status";s:3:"ACK";s:9:"timestamp";i:1309164062;s:7:"mqIndex";i:99;}}', NULL, '2011-06-27 09:41:02'),
(764, 'mess={"command":"transfer-file-to-media-server","number":15,"data":[{"source_path":"1471_itunesstuff/3gp/","destination_path":"1471_itunesstuff/3gp/","filename":"rss2.xml"},{"source_path":"1471_itunesstuff/audio/","destination_path":"1471_itunesstuff/audio/","filename":"rss2.xml"},{"source_path":"1471_itunesstuff/desktop/","destination_path":"1471_itunesstuff/desktop/","filename":"rss2.xml"},{"source_path":"1471_itunesstuff/hd/","destination_path":"1471_itunesstuff/hd/","filename":"rss2.xml"},{"source_path":"1471_itunesstuff/iphone/","destination_path":"1471_itunesstuff/iphone/","filename":"rss2.xml"},{"source_path":"1471_itunesstuff/ipod/","destination_path":"1471_itunesstuff/ipod/","filename":"rss2.xml"},{"source_path":"1471_itunesstuff/large/","destination_path":"1471_itunesstuff/large/","filename":"rss2.xml"},{"source_path":"1471_itunesstuff/transcript/","destination_path":"1471_itunesstuff/transcript/","filename":"rss2.xml"},{"source_path":"1471_itunesstuff/youtube/","destination_path":"1471_itunesstuff/youtube/","filename":"rss2.xml"},{"source_path":"1471_itunesstuff/extra/","destination_path":"1471_itunesstuff/extra/","filename":"rss2.xml"},{"source_path":"1471_itunesstuff/","destination_path":"1471_itunesstuff/","filename":"rss2.xml"},{"source_path":"1471_itunesstuff/high/","destination_path":"1471_itunesstuff/high/","filename":"rss2.xml"},{"source_path":"1471_itunesstuff/ipod-all/","destination_path":"1471_itunesstuff/ipod-all/","filename":"rss2.xml"},{"source_path":"1471_itunesstuff/desktop-all/","destination_path":"1471_itunesstuff/desktop-all/","filename":"rss2.xml"},{"source_path":"1471_itunesstuff/epub/","destination_path":"1471_itunesstuff/epub/","filename":"rss2.xml"}],"timestamp":1309164063}', 'a:1:{i:0;a:6:{s:7:"command";s:29:"transfer-file-to-media-server";s:6:"number";i:15;s:4:"data";s:17:"Queued admin-api!";s:6:"status";s:3:"ACK";s:9:"timestamp";i:1309164063;s:7:"mqIndex";i:100;}}', NULL, '2011-06-27 09:41:03'),
(765, 'mess={"command":"transfer-file-to-media-server","number":15,"data":[{"source_path":"1469_comicstripcharacters/3gp/","destination_path":"1469_comicstripcharacters/3gp/","filename":"rss2.xml"},{"source_path":"1469_comicstripcharacters/audio/","destination_path":"1469_comicstripcharacters/audio/","filename":"rss2.xml"},{"source_path":"1469_comicstripcharacters/desktop/","destination_path":"1469_comicstripcharacters/desktop/","filename":"rss2.xml"},{"source_path":"1469_comicstripcharacters/hd/","destination_path":"1469_comicstripcharacters/hd/","filename":"rss2.xml"},{"source_path":"1469_comicstripcharacters/iphone/","destination_path":"1469_comicstripcharacters/iphone/","filename":"rss2.xml"},{"source_path":"1469_comicstripcharacters/ipod/","destination_path":"1469_comicstripcharacters/ipod/","filename":"rss2.xml"},{"source_path":"1469_comicstripcharacters/large/","destination_path":"1469_comicstripcharacters/large/","filename":"rss2.xml"},{"source_path":"1469_comicstripcharacters/transcript/","destination_path":"1469_comicstripcharacters/transcript/","filename":"rss2.xml"},{"source_path":"1469_comicstripcharacters/youtube/","destination_path":"1469_comicstripcharacters/youtube/","filename":"rss2.xml"},{"source_path":"1469_comicstripcharacters/extra/","destination_path":"1469_comicstripcharacters/extra/","filename":"rss2.xml"},{"source_path":"1469_comicstripcharacters/","destination_path":"1469_comicstripcharacters/","filename":"rss2.xml"},{"source_path":"1469_comicstripcharacters/high/","destination_path":"1469_comicstripcharacters/high/","filename":"rss2.xml"},{"source_path":"1469_comicstripcharacters/ipod-all/","destination_path":"1469_comicstripcharacters/ipod-all/","filename":"rss2.xml"},{"source_path":"1469_comicstripcharacters/desktop-all/","destination_path":"1469_comicstripcharacters/desktop-all/","filename":"rss2.xml"},{"source_path":"1469_comicstripcharacters/epub/","destination_path":"1469_comicstripcharacters/epub/","filename":"rss2.xml"}],"timestamp":1309164065}', 'a:1:{i:0;a:6:{s:7:"command";s:29:"transfer-file-to-media-server";s:6:"number";i:15;s:4:"data";s:17:"Queued admin-api!";s:6:"status";s:3:"ACK";s:9:"timestamp";i:1309164065;s:7:"mqIndex";i:101;}}', NULL, '2011-06-27 09:41:05'),
(766, '', 'a:1:{i:0;a:3:{s:6:"status";s:4:"NACK";s:4:"data";s:22:"No request values set!";s:9:"timestamp";i:1309164314;}}', NULL, '2011-06-27 09:45:14'),
(767, '', 'a:1:{i:0;a:3:{s:6:"status";s:4:"NACK";s:4:"data";s:22:"No request values set!";s:9:"timestamp";i:1309164914;}}', NULL, '2011-06-27 09:55:14'),
(768, 'mess={"command":"transcode-media","number":1,"data":{"data":{"source_path":"1476_testforcharles","filename":"BSG_4.2_07.avi"}},"timestamp":1309165354}', 'a:1:{i:0;a:6:{s:7:"command";s:15:"transcode-media";s:6:"number";i:0;s:4:"data";s:17:"Queued admin-api!";s:6:"status";s:3:"ACK";s:9:"timestamp";i:1309165354;s:7:"mqIndex";i:102;}}', NULL, '2011-06-27 10:02:34'),
(769, '', 'a:1:{i:0;a:3:{s:6:"status";s:4:"NACK";s:4:"data";s:22:"No request values set!";s:9:"timestamp";i:1309165514;}}', NULL, '2011-06-27 10:05:14'),
(770, 'mess={"command":"transcode-media","number":1,"data":{"data":{"source_path":"1476_testforcharles","filename":"BSG_4.2_08.avi"}},"timestamp":1309165616}', 'a:1:{i:0;a:6:{s:7:"command";s:15:"transcode-media";s:6:"number";i:0;s:4:"data";s:17:"Queued admin-api!";s:6:"status";s:3:"ACK";s:9:"timestamp";i:1309165616;s:7:"mqIndex";i:103;}}', NULL, '2011-06-27 10:06:56'),
(771, '', 'a:1:{i:0;a:3:{s:6:"status";s:4:"NACK";s:4:"data";s:22:"No request values set!";s:9:"timestamp";i:1309166114;}}', NULL, '2011-06-27 10:15:14'),
(772, 'mess={"command":"transcode-media","number":1,"data":{"data":{"source_path":"1476_testforcharles","filename":"12539_BSG_4.2_11.avi"}},"timestamp":1309166383}', 'a:1:{i:0;a:6:{s:7:"command";s:15:"transcode-media";s:6:"number";i:0;s:4:"data";s:17:"Queued admin-api!";s:6:"status";s:3:"ACK";s:9:"timestamp";i:1309166383;s:7:"mqIndex";i:104;}}', NULL, '2011-06-27 10:19:44');
INSERT INTO `api_log` (`al_index`, `al_message`, `al_reply`, `al_result_data`, `al_timestamp`) VALUES
(773, 'mess={"command":"transcode-media","number":1,"data":{"data":{"source_path":"1477_test2forcharles","filename":"12540_BSG_4.2_11.avi"}},"timestamp":1309166513}', 'a:1:{i:0;a:6:{s:7:"command";s:15:"transcode-media";s:6:"number";i:0;s:4:"data";s:17:"Queued admin-api!";s:6:"status";s:3:"ACK";s:9:"timestamp";i:1309166513;s:7:"mqIndex";i:105;}}', NULL, '2011-06-27 10:21:53'),
(774, 'mess={"command":"transcode-media","number":1,"data":{"data":{"source_path":"1477_test2forcharles","filename":"12541_BSG_4.2_11.avi"}},"timestamp":1309166635}', 'a:1:{i:0;a:6:{s:7:"command";s:15:"transcode-media";s:6:"number";i:0;s:4:"data";s:17:"Queued admin-api!";s:6:"status";s:3:"ACK";s:9:"timestamp";i:1309166635;s:7:"mqIndex";i:106;}}', NULL, '2011-06-27 10:23:55'),
(775, '', 'a:1:{i:0;a:3:{s:6:"status";s:4:"NACK";s:4:"data";s:22:"No request values set!";s:9:"timestamp";i:1309166714;}}', NULL, '2011-06-27 10:25:14'),
(776, '', 'a:1:{i:0;a:3:{s:6:"status";s:4:"NACK";s:4:"data";s:22:"No request values set!";s:9:"timestamp";i:1309167314;}}', NULL, '2011-06-27 10:35:14'),
(777, '', 'a:1:{i:0;a:3:{s:6:"status";s:4:"NACK";s:4:"data";s:22:"No request values set!";s:9:"timestamp";i:1309167915;}}', NULL, '2011-06-27 10:45:15'),
(778, '', 'a:1:{i:0;a:3:{s:6:"status";s:4:"NACK";s:4:"data";s:22:"No request values set!";s:9:"timestamp";i:1309168514;}}', NULL, '2011-06-27 10:55:14'),
(779, '', 'a:1:{i:0;a:3:{s:6:"status";s:4:"NACK";s:4:"data";s:22:"No request values set!";s:9:"timestamp";i:1309169114;}}', NULL, '2011-06-27 11:05:14'),
(780, '', 'a:1:{i:0;a:3:{s:6:"status";s:4:"NACK";s:4:"data";s:22:"No request values set!";s:9:"timestamp";i:1309169714;}}', NULL, '2011-06-27 11:15:14'),
(781, '', 'a:1:{i:0;a:3:{s:6:"status";s:4:"NACK";s:4:"data";s:22:"No request values set!";s:9:"timestamp";i:1309170314;}}', NULL, '2011-06-27 11:25:14'),
(782, '', 'a:1:{i:0;a:3:{s:6:"status";s:4:"NACK";s:4:"data";s:22:"No request values set!";s:9:"timestamp";i:1309170914;}}', NULL, '2011-06-27 11:35:14'),
(783, '', 'a:1:{i:0;a:3:{s:6:"status";s:4:"NACK";s:4:"data";s:22:"No request values set!";s:9:"timestamp";i:1309171514;}}', NULL, '2011-06-27 11:45:14'),
(784, '', 'a:1:{i:0;a:3:{s:6:"status";s:4:"NACK";s:4:"data";s:22:"No request values set!";s:9:"timestamp";i:1309172114;}}', NULL, '2011-06-27 11:55:14'),
(785, 'mess={"command":"delete-file-on-media-server","number":2,"data":{"source_path":"1477_test2forcharles/","filename":null},"timestamp":1309172710}', 'a:1:{i:0;a:6:{s:7:"command";s:27:"delete-file-on-media-server";s:6:"number";i:0;s:4:"data";s:17:"Queued admin-api!";s:6:"status";s:3:"ACK";s:9:"timestamp";i:1309172710;s:7:"mqIndex";i:107;}}', NULL, '2011-06-27 12:05:10'),
(786, '', 'a:1:{i:0;a:3:{s:6:"status";s:4:"NACK";s:4:"data";s:22:"No request values set!";s:9:"timestamp";i:1309172714;}}', NULL, '2011-06-27 12:05:14'),
(787, 'mess={"command":"delete-file-on-media-server","number":2,"data":{"source_path":"1477_test2forcharles/","filename":null},"timestamp":1309172717}', 'a:1:{i:0;a:6:{s:7:"command";s:27:"delete-file-on-media-server";s:6:"number";i:0;s:4:"data";s:17:"Queued admin-api!";s:6:"status";s:3:"ACK";s:9:"timestamp";i:1309172717;s:7:"mqIndex";i:108;}}', NULL, '2011-06-27 12:05:17'),
(788, '', 'a:1:{i:0;a:3:{s:6:"status";s:4:"NACK";s:4:"data";s:22:"No request values set!";s:9:"timestamp";i:1309173314;}}', NULL, '2011-06-27 12:15:14'),
(789, '', 'a:1:{i:0;a:3:{s:6:"status";s:4:"NACK";s:4:"data";s:22:"No request values set!";s:9:"timestamp";i:1309173914;}}', NULL, '2011-06-27 12:25:14'),
(790, '', 'a:1:{i:0;a:3:{s:6:"status";s:4:"NACK";s:4:"data";s:22:"No request values set!";s:9:"timestamp";i:1309174514;}}', NULL, '2011-06-27 12:35:14'),
(791, '', 'a:1:{i:0;a:3:{s:6:"status";s:4:"NACK";s:4:"data";s:22:"No request values set!";s:9:"timestamp";i:1309175114;}}', NULL, '2011-06-27 12:45:14'),
(792, '', 'a:1:{i:0;a:3:{s:6:"status";s:4:"NACK";s:4:"data";s:22:"No request values set!";s:9:"timestamp";i:1309175714;}}', NULL, '2011-06-27 12:55:14'),
(793, '', 'a:1:{i:0;a:3:{s:6:"status";s:4:"NACK";s:4:"data";s:22:"No request values set!";s:9:"timestamp";i:1309176314;}}', NULL, '2011-06-27 13:05:14'),
(794, '', 'a:1:{i:0;a:3:{s:6:"status";s:4:"NACK";s:4:"data";s:22:"No request values set!";s:9:"timestamp";i:1309176914;}}', NULL, '2011-06-27 13:15:14'),
(795, 'mess={"command":"transfer-file-to-media-server","number":3,"data":[{"source_path":"1477_test2forcharles/","destination_path":"1477_test2forcharles/","filename":"MEDIA_12540_1477_test2forcharles.jpg"},{"source_path":"1477_test2forcharles/","destination_path":"1477_test2forcharles/","filename":"MEDIA_12540_1477_test2forcharles_std.jpg"},{"source_path":"1477_test2forcharles/","destination_path":"1477_test2forcharles/","filename":"MEDIA_12540_1477_test2forcharles_thm.jpg"}],"timestamp":1309177473}', 'a:1:{i:0;a:6:{s:7:"command";s:29:"transfer-file-to-media-server";s:6:"number";i:3;s:4:"data";s:17:"Queued admin-api!";s:6:"status";s:3:"ACK";s:9:"timestamp";i:1309177473;s:7:"mqIndex";i:109;}}', NULL, '2011-06-27 13:24:33'),
(796, '', 'a:1:{i:0;a:3:{s:6:"status";s:4:"NACK";s:4:"data";s:22:"No request values set!";s:9:"timestamp";i:1309177514;}}', NULL, '2011-06-27 13:25:14'),
(797, 'mess={"command":"transfer-file-to-media-server","number":3,"data":[{"source_path":"1477_test2forcharles/","destination_path":"1477_test2forcharles/","filename":"MEDIA_12540_1477_test2forcharles.jpg"},{"source_path":"1477_test2forcharles/","destination_path":"1477_test2forcharles/","filename":"MEDIA_12540_1477_test2forcharles_std.jpg"},{"source_path":"1477_test2forcharles/","destination_path":"1477_test2forcharles/","filename":"MEDIA_12540_1477_test2forcharles_thm.jpg"}],"timestamp":1309177678}', 'a:1:{i:0;a:6:{s:7:"command";s:29:"transfer-file-to-media-server";s:6:"number";i:3;s:4:"data";s:17:"Queued admin-api!";s:6:"status";s:3:"ACK";s:9:"timestamp";i:1309177678;s:7:"mqIndex";i:110;}}', NULL, '2011-06-27 13:27:58'),
(798, '', 'a:1:{i:0;a:3:{s:6:"status";s:4:"NACK";s:4:"data";s:22:"No request values set!";s:9:"timestamp";i:1309178114;}}', NULL, '2011-06-27 13:35:14'),
(799, '', 'a:1:{i:0;a:3:{s:6:"status";s:4:"NACK";s:4:"data";s:22:"No request values set!";s:9:"timestamp";i:1309178714;}}', NULL, '2011-06-27 13:45:14'),
(800, '', 'a:1:{i:0;a:3:{s:6:"status";s:4:"NACK";s:4:"data";s:22:"No request values set!";s:9:"timestamp";i:1309179314;}}', NULL, '2011-06-27 13:55:14'),
(801, '', 'a:1:{i:0;a:3:{s:6:"status";s:4:"NACK";s:4:"data";s:22:"No request values set!";s:9:"timestamp";i:1309179914;}}', NULL, '2011-06-27 14:05:14'),
(802, '', 'a:1:{i:0;a:3:{s:6:"status";s:4:"NACK";s:4:"data";s:22:"No request values set!";s:9:"timestamp";i:1309180514;}}', NULL, '2011-06-27 14:15:14'),
(803, '', 'a:1:{i:0;a:3:{s:6:"status";s:4:"NACK";s:4:"data";s:22:"No request values set!";s:9:"timestamp";i:1309181114;}}', NULL, '2011-06-27 14:25:14'),
(804, '', 'a:1:{i:0;a:3:{s:6:"status";s:4:"NACK";s:4:"data";s:22:"No request values set!";s:9:"timestamp";i:1309181714;}}', NULL, '2011-06-27 14:35:14'),
(805, '', 'a:1:{i:0;a:3:{s:6:"status";s:4:"NACK";s:4:"data";s:22:"No request values set!";s:9:"timestamp";i:1309182314;}}', NULL, '2011-06-27 14:45:14'),
(806, '', 'a:1:{i:0;a:3:{s:6:"status";s:4:"NACK";s:4:"data";s:22:"No request values set!";s:9:"timestamp";i:1309182914;}}', NULL, '2011-06-27 14:55:14'),
(807, '', 'a:1:{i:0;a:3:{s:6:"status";s:4:"NACK";s:4:"data";s:22:"No request values set!";s:9:"timestamp";i:1309183514;}}', NULL, '2011-06-27 15:05:14'),
(808, '', 'a:1:{i:0;a:3:{s:6:"status";s:4:"NACK";s:4:"data";s:22:"No request values set!";s:9:"timestamp";i:1309184114;}}', NULL, '2011-06-27 15:15:14'),
(809, '', 'a:1:{i:0;a:3:{s:6:"status";s:4:"NACK";s:4:"data";s:22:"No request values set!";s:9:"timestamp";i:1309184714;}}', NULL, '2011-06-27 15:25:14'),
(810, '', 'a:1:{i:0;a:3:{s:6:"status";s:4:"NACK";s:4:"data";s:22:"No request values set!";s:9:"timestamp";i:1309185313;}}', NULL, '2011-06-27 15:35:13'),
(811, '', 'a:1:{i:0;a:3:{s:6:"status";s:4:"NACK";s:4:"data";s:22:"No request values set!";s:9:"timestamp";i:1309185914;}}', NULL, '2011-06-27 15:45:14'),
(812, '', 'a:1:{i:0;a:3:{s:6:"status";s:4:"NACK";s:4:"data";s:22:"No request values set!";s:9:"timestamp";i:1309186514;}}', NULL, '2011-06-27 15:55:14'),
(813, '', 'a:1:{i:0;a:3:{s:6:"status";s:4:"NACK";s:4:"data";s:22:"No request values set!";s:9:"timestamp";i:1309187114;}}', NULL, '2011-06-27 16:05:14'),
(814, '', 'a:1:{i:0;a:3:{s:6:"status";s:4:"NACK";s:4:"data";s:22:"No request values set!";s:9:"timestamp";i:1309187714;}}', NULL, '2011-06-27 16:15:14'),
(815, '', 'a:1:{i:0;a:3:{s:6:"status";s:4:"NACK";s:4:"data";s:22:"No request values set!";s:9:"timestamp";i:1309188314;}}', NULL, '2011-06-27 16:25:14'),
(816, '', 'a:1:{i:0;a:3:{s:6:"status";s:4:"NACK";s:4:"data";s:22:"No request values set!";s:9:"timestamp";i:1309188914;}}', NULL, '2011-06-27 16:35:14'),
(817, '', 'a:1:{i:0;a:3:{s:6:"status";s:4:"NACK";s:4:"data";s:22:"No request values set!";s:9:"timestamp";i:1309189514;}}', NULL, '2011-06-27 16:45:14'),
(818, '', 'a:1:{i:0;a:3:{s:6:"status";s:4:"NACK";s:4:"data";s:22:"No request values set!";s:9:"timestamp";i:1309190114;}}', NULL, '2011-06-27 16:55:14'),
(819, '', 'a:1:{i:0;a:3:{s:6:"status";s:4:"NACK";s:4:"data";s:22:"No request values set!";s:9:"timestamp";i:1309190714;}}', NULL, '2011-06-27 17:05:14'),
(820, '', 'a:1:{i:0;a:3:{s:6:"status";s:4:"NACK";s:4:"data";s:22:"No request values set!";s:9:"timestamp";i:1309191314;}}', NULL, '2011-06-27 17:15:14'),
(821, '', 'a:1:{i:0;a:3:{s:6:"status";s:4:"NACK";s:4:"data";s:22:"No request values set!";s:9:"timestamp";i:1309191914;}}', NULL, '2011-06-27 17:25:14'),
(822, '', 'a:1:{i:0;a:3:{s:6:"status";s:4:"NACK";s:4:"data";s:22:"No request values set!";s:9:"timestamp";i:1309192514;}}', NULL, '2011-06-27 17:35:14'),
(823, '', 'a:1:{i:0;a:3:{s:6:"status";s:4:"NACK";s:4:"data";s:22:"No request values set!";s:9:"timestamp";i:1309193114;}}', NULL, '2011-06-27 17:45:14'),
(824, '', 'a:1:{i:0;a:3:{s:6:"status";s:4:"NACK";s:4:"data";s:22:"No request values set!";s:9:"timestamp";i:1309193714;}}', NULL, '2011-06-27 17:55:14'),
(825, '', 'a:1:{i:0;a:3:{s:6:"status";s:4:"NACK";s:4:"data";s:22:"No request values set!";s:9:"timestamp";i:1309194314;}}', NULL, '2011-06-27 18:05:14'),
(826, '', 'a:1:{i:0;a:3:{s:6:"status";s:4:"NACK";s:4:"data";s:22:"No request values set!";s:9:"timestamp";i:1309194914;}}', NULL, '2011-06-27 18:15:14'),
(827, '', 'a:1:{i:0;a:3:{s:6:"status";s:4:"NACK";s:4:"data";s:22:"No request values set!";s:9:"timestamp";i:1309195514;}}', NULL, '2011-06-27 18:25:14');

-- --------------------------------------------------------

--
-- Table structure for table `api_workflows`
--

CREATE TABLE IF NOT EXISTS `api_workflows` (
  `wf_index` int(10) NOT NULL AUTO_INCREMENT,
  `wf_cr_index` int(10) DEFAULT NULL,
  `wf_ad_index` int(10) DEFAULT NULL,
  `wf_step` int(10) DEFAULT NULL,
  `wf_steps` int(10) DEFAULT NULL,
  `wf_command` varchar(50) COLLATE utf8_unicode_ci DEFAULT NULL,
  `wf_function` varchar(50) COLLATE utf8_unicode_ci DEFAULT NULL,
  PRIMARY KEY (`wf_index`),
  KEY `wf_command_id` (`wf_cr_index`),
  KEY `wf_ad_index` (`wf_ad_index`)
) ENGINE=InnoDB  DEFAULT CHARSET=utf8 COLLATE=utf8_unicode_ci AUTO_INCREMENT=112 ;

--
-- Dumping data for table `api_workflows`
--

INSERT INTO `api_workflows` (`wf_index`, `wf_cr_index`, `wf_ad_index`, `wf_step`, `wf_steps`, `wf_command`, `wf_function`) VALUES
(1, 1, 2, 1, 6, 'push-next-command', 'doPushNextCommand'),
(2, 1, 4, 2, 6, 'encoder-pull-file', 'doEncoderPullFile'),
(3, 1, 2, 3, 6, 'push-next-command', 'doPushNextCommand'),
(4, 1, 4, 4, 6, 'encoder-check-output', 'doEncoderCheckOutput'),
(5, 1, 4, 5, 6, 'encoder-push-to-media', 'doEncoderPushToMedia'),
(6, 1, 3, 6, 6, 'media-move-file', 'doMediaMoveFile'),
(7, 3, 2, 1, 3, 'media-push-file', 'doMediaPushFile'),
(8, 3, 2, 2, 3, 'push-next-command', 'doPushNextCommand'),
(9, 3, 3, 3, 3, 'media-move-file', 'doMediaMoveFile'),
(10, 7, 2, 1, 2, 'push-next-command', 'doPushCommand'),
(11, 7, 3, 2, 2, 'update-metadata', 'doUpdateMetadata'),
(12, 10, 2, 1, 2, 'push-next-command', 'doPushNextCommand'),
(13, 10, 3, 2, 2, 'update-permisssions', 'doUpdatePermissions'),
(14, 5, 2, 1, 2, 'push-next-command', 'doPushNextCommand'),
(15, 5, 3, 2, 2, 'delete-file', 'doDeleteFile'),
(16, NULL, NULL, NULL, NULL, NULL, NULL),
(17, NULL, NULL, NULL, NULL, NULL, NULL),
(18, NULL, NULL, NULL, NULL, NULL, NULL);

-- --------------------------------------------------------

--
-- Table structure for table `command_routes`
--

CREATE TABLE IF NOT EXISTS `command_routes` (
  `cr_index` int(10) NOT NULL AUTO_INCREMENT,
  `cr_source` varchar(50) COLLATE utf8_unicode_ci DEFAULT NULL,
  `cr_destination` enum('admin-app','admin-api','encoder-api','media-api') COLLATE utf8_unicode_ci DEFAULT NULL,
  `cr_execute` enum('admin-app','admin-api','encoder-api','media-api') COLLATE utf8_unicode_ci DEFAULT NULL,
  `cr_action` varchar(50) COLLATE utf8_unicode_ci DEFAULT NULL,
  `cr_function` varchar(50) CHARACTER SET ucs2 COLLATE ucs2_unicode_ci DEFAULT NULL,
  `cr_callback` varchar(50) COLLATE utf8_unicode_ci DEFAULT NULL,
  `cr_route_type` enum('queue','direct') COLLATE utf8_unicode_ci DEFAULT NULL,
  PRIMARY KEY (`cr_index`)
) ENGINE=InnoDB  DEFAULT CHARSET=utf8 COLLATE=utf8_unicode_ci ROW_FORMAT=COMPACT AUTO_INCREMENT=16 ;

--
-- Dumping data for table `command_routes`
--

INSERT INTO `command_routes` (`cr_index`, `cr_source`, `cr_destination`, `cr_execute`, `cr_action`, `cr_function`, `cr_callback`, `cr_route_type`) VALUES
(1, 'admin-api', 'encoder-api', 'encoder-api', 'transcode-media', 'doTranscodeMedia', 'transcode-media', 'queue'),
(2, 'admin-api', 'encoder-api', 'encoder-api', 'transcode-media-deliver', 'doTranscodeMediaAndDeliver', 'transcode-media-and-deliver', 'queue'),
(3, 'admin-api', 'media-api', 'admin-api', 'transfer-file-to-media-server', 'doTransferFileToMediaServer', 'transfer-file-to-media-server', 'queue'),
(4, 'admin-api', 'media-api', 'admin-api', 'transfer-folder-to-media-server', 'doTransferFolderToMediaServer', 'transfer-folder-to-media-server', 'queue'),
(5, 'admin-api', 'media-api', 'media-api', 'delete-file-on-media-server', 'doDeleteFileOnMediaServer', 'delete-file-on-media-server', 'direct'),
(6, 'admin-api', 'media-api', 'media-api', 'delete-folder-on-media-server', 'doDeleteFolderOnMediaServer', 'delete-folder-on-media-server', 'direct'),
(7, 'admin-api', 'media-api', 'media-api', 'update-file-metadata', 'doUpdateFileMetaData', 'update-file-metadata', 'queue'),
(8, 'admin-api', 'media-api', 'media-api', 'update-folder-metadata', 'doUpdateFolderMetaData', 'update-folder-metadata', 'queue'),
(9, 'admin-api', 'media-api', 'media-api', 'update-list-of-files-metadata', 'doUpdateListOfFilesMetaData', 'update-list-of-files-metadata', 'queue'),
(10, 'admin-api', 'media-api', 'media-api', 'set-permissions-folder', 'doSetPermisssionsFolder', 'set-permissions-folder', 'queue'),
(11, 'admin-api', 'media-api', 'media-api', 'check-file-exists', 'doCheckFileExists', 'check-file-exists', 'direct'),
(12, 'admin-api', 'media-api', 'media-api', 'check-list-of-files-exists', 'doCheckListOfFilesExists', 'check-list-of-files-exists', 'direct'),
(13, 'admin-api', 'media-api', 'media-api', 'check-folder-exists', 'doCheckFolderExists', 'check-folder-exists', 'direct'),
(14, 'admin-api', 'media-api', 'media-api', 'status-media', 'doStatusMedia', 'status-media', 'direct'),
(15, 'admin-api', 'encoder-api', 'encoder-api', 'status-encoder', 'doStatusEncoder', 'status-encoder', 'direct');

-- --------------------------------------------------------

--
-- Table structure for table `queue_commands`
--

CREATE TABLE IF NOT EXISTS `queue_commands` (
  `cq_index` int(10) NOT NULL AUTO_INCREMENT,
  `cq_mq_index` int(10) DEFAULT '0',
  `cq_command` varchar(255) COLLATE utf8_unicode_ci DEFAULT '0',
  `cq_data` text COLLATE utf8_unicode_ci,
  `cq_result` text COLLATE utf8_unicode_ci,
  `cq_time` datetime DEFAULT NULL,
  `cq_update` datetime DEFAULT NULL,
  `cq_wf_step` int(11) NOT NULL DEFAULT '1',
  `cq_status` enum('Y','N','F','R') COLLATE utf8_unicode_ci DEFAULT 'N',
  PRIMARY KEY (`cq_index`),
  KEY `ma_command` (`cq_mq_index`,`cq_command`)
) ENGINE=InnoDB  DEFAULT CHARSET=utf8 COLLATE=utf8_unicode_ci ROW_FORMAT=COMPACT AUTO_INCREMENT=1008 ;

--
-- Dumping data for table `queue_commands`
--

INSERT INTO `queue_commands` (`cq_index`, `cq_mq_index`, `cq_command`, `cq_data`, `cq_result`, `cq_time`, `cq_update`, `cq_wf_step`, `cq_status`) VALUES
(827, 80, 'transfer-file-to-media-server', 'a:3:{s:11:"source_path";s:18:"1472_podcast9/3gp/";s:16:"destination_path";s:18:"1472_podcast9/3gp/";s:8:"filename";s:8:"rss2.xml";}', 'a:4:{s:7:"cqIndex";s:3:"827";s:6:"number";i:1;s:6:"result";s:1:"Y";s:5:"debug";a:5:{s:7:"command";s:15:"media-move-file";s:6:"number";i:1;s:4:"data";a:3:{s:11:"source_path";s:18:"1472_podcast9/3gp/";s:16:"destination_path";s:18:"1472_podcast9/3gp/";s:8:"filename";s:8:"rss2.xml";}s:6:"status";s:1:"Y";s:5:"error";s:0:"";}}', '2011-06-24 15:19:10', '2011-06-27 18:30:30', 3, 'N'),
(828, 80, 'transfer-file-to-media-server', 'a:3:{s:11:"source_path";s:20:"1472_podcast9/audio/";s:16:"destination_path";s:20:"1472_podcast9/audio/";s:8:"filename";s:8:"rss2.xml";}', 'a:4:{s:7:"cqIndex";s:3:"828";s:6:"number";i:1;s:6:"result";s:1:"Y";s:5:"debug";a:5:{s:7:"command";s:15:"media-move-file";s:6:"number";i:1;s:4:"data";a:3:{s:11:"source_path";s:20:"1472_podcast9/audio/";s:16:"destination_path";s:20:"1472_podcast9/audio/";s:8:"filename";s:8:"rss2.xml";}s:6:"status";s:1:"Y";s:5:"error";s:0:"";}}', '2011-06-24 15:19:10', '2011-06-27 18:30:30', 3, 'N'),
(829, 80, 'transfer-file-to-media-server', 'a:3:{s:11:"source_path";s:22:"1472_podcast9/desktop/";s:16:"destination_path";s:22:"1472_podcast9/desktop/";s:8:"filename";s:8:"rss2.xml";}', 'a:4:{s:7:"cqIndex";s:3:"829";s:6:"number";i:1;s:6:"result";s:1:"Y";s:5:"debug";a:5:{s:7:"command";s:15:"media-move-file";s:6:"number";i:1;s:4:"data";a:3:{s:11:"source_path";s:22:"1472_podcast9/desktop/";s:16:"destination_path";s:22:"1472_podcast9/desktop/";s:8:"filename";s:8:"rss2.xml";}s:6:"status";s:1:"Y";s:5:"error";s:0:"";}}', '2011-06-24 15:19:10', '2011-06-27 18:30:30', 3, 'N'),
(830, 80, 'transfer-file-to-media-server', 'a:3:{s:11:"source_path";s:17:"1472_podcast9/hd/";s:16:"destination_path";s:17:"1472_podcast9/hd/";s:8:"filename";s:8:"rss2.xml";}', 'a:4:{s:7:"cqIndex";s:3:"830";s:6:"number";i:1;s:6:"result";s:1:"Y";s:5:"debug";a:5:{s:7:"command";s:15:"media-move-file";s:6:"number";i:1;s:4:"data";a:3:{s:11:"source_path";s:17:"1472_podcast9/hd/";s:16:"destination_path";s:17:"1472_podcast9/hd/";s:8:"filename";s:8:"rss2.xml";}s:6:"status";s:1:"Y";s:5:"error";s:0:"";}}', '2011-06-24 15:19:10', '2011-06-27 18:30:30', 3, 'N'),
(831, 80, 'transfer-file-to-media-server', 'a:3:{s:11:"source_path";s:21:"1472_podcast9/iphone/";s:16:"destination_path";s:21:"1472_podcast9/iphone/";s:8:"filename";s:8:"rss2.xml";}', 'a:4:{s:7:"cqIndex";s:3:"831";s:6:"number";i:1;s:6:"result";s:1:"Y";s:5:"debug";a:5:{s:7:"command";s:15:"media-move-file";s:6:"number";i:1;s:4:"data";a:3:{s:11:"source_path";s:21:"1472_podcast9/iphone/";s:16:"destination_path";s:21:"1472_podcast9/iphone/";s:8:"filename";s:8:"rss2.xml";}s:6:"status";s:1:"Y";s:5:"error";s:0:"";}}', '2011-06-24 15:19:10', '2011-06-27 18:30:30', 3, 'N'),
(832, 80, 'transfer-file-to-media-server', 'a:3:{s:11:"source_path";s:19:"1472_podcast9/ipod/";s:16:"destination_path";s:19:"1472_podcast9/ipod/";s:8:"filename";s:8:"rss2.xml";}', 'a:4:{s:7:"cqIndex";s:3:"832";s:6:"number";i:1;s:6:"result";s:1:"Y";s:5:"debug";a:5:{s:7:"command";s:15:"media-move-file";s:6:"number";i:1;s:4:"data";a:3:{s:11:"source_path";s:19:"1472_podcast9/ipod/";s:16:"destination_path";s:19:"1472_podcast9/ipod/";s:8:"filename";s:8:"rss2.xml";}s:6:"status";s:1:"Y";s:5:"error";s:0:"";}}', '2011-06-24 15:19:10', '2011-06-27 18:30:30', 3, 'N'),
(833, 80, 'transfer-file-to-media-server', 'a:3:{s:11:"source_path";s:20:"1472_podcast9/large/";s:16:"destination_path";s:20:"1472_podcast9/large/";s:8:"filename";s:8:"rss2.xml";}', 'a:4:{s:7:"cqIndex";s:3:"833";s:6:"number";i:1;s:6:"result";s:1:"Y";s:5:"debug";a:5:{s:7:"command";s:15:"media-move-file";s:6:"number";i:1;s:4:"data";a:3:{s:11:"source_path";s:20:"1472_podcast9/large/";s:16:"destination_path";s:20:"1472_podcast9/large/";s:8:"filename";s:8:"rss2.xml";}s:6:"status";s:1:"Y";s:5:"error";s:0:"";}}', '2011-06-24 15:19:10', '2011-06-27 18:30:30', 3, 'N'),
(834, 80, 'transfer-file-to-media-server', 'a:3:{s:11:"source_path";s:25:"1472_podcast9/transcript/";s:16:"destination_path";s:25:"1472_podcast9/transcript/";s:8:"filename";s:8:"rss2.xml";}', 'a:4:{s:7:"cqIndex";s:3:"834";s:6:"number";i:1;s:6:"result";s:1:"Y";s:5:"debug";a:5:{s:7:"command";s:15:"media-move-file";s:6:"number";i:1;s:4:"data";a:3:{s:11:"source_path";s:25:"1472_podcast9/transcript/";s:16:"destination_path";s:25:"1472_podcast9/transcript/";s:8:"filename";s:8:"rss2.xml";}s:6:"status";s:1:"Y";s:5:"error";s:0:"";}}', '2011-06-24 15:19:10', '2011-06-27 18:30:30', 3, 'N'),
(835, 80, 'transfer-file-to-media-server', 'a:3:{s:11:"source_path";s:22:"1472_podcast9/youtube/";s:16:"destination_path";s:22:"1472_podcast9/youtube/";s:8:"filename";s:8:"rss2.xml";}', 'a:4:{s:7:"cqIndex";s:3:"835";s:6:"number";i:1;s:6:"result";s:1:"Y";s:5:"debug";a:5:{s:7:"command";s:15:"media-move-file";s:6:"number";i:1;s:4:"data";a:3:{s:11:"source_path";s:22:"1472_podcast9/youtube/";s:16:"destination_path";s:22:"1472_podcast9/youtube/";s:8:"filename";s:8:"rss2.xml";}s:6:"status";s:1:"Y";s:5:"error";s:0:"";}}', '2011-06-24 15:19:10', '2011-06-27 18:30:30', 3, 'N'),
(836, 80, 'transfer-file-to-media-server', 'a:3:{s:11:"source_path";s:20:"1472_podcast9/extra/";s:16:"destination_path";s:20:"1472_podcast9/extra/";s:8:"filename";s:8:"rss2.xml";}', 'a:4:{s:7:"cqIndex";s:3:"836";s:6:"number";i:1;s:6:"result";s:1:"Y";s:5:"debug";a:5:{s:7:"command";s:15:"media-move-file";s:6:"number";i:1;s:4:"data";a:3:{s:11:"source_path";s:20:"1472_podcast9/extra/";s:16:"destination_path";s:20:"1472_podcast9/extra/";s:8:"filename";s:8:"rss2.xml";}s:6:"status";s:1:"Y";s:5:"error";s:0:"";}}', '2011-06-24 15:19:10', '2011-06-27 18:30:30', 3, 'N'),
(837, 80, 'transfer-file-to-media-server', 'a:3:{s:11:"source_path";s:14:"1472_podcast9/";s:16:"destination_path";s:14:"1472_podcast9/";s:8:"filename";s:8:"rss2.xml";}', 'a:4:{s:7:"cqIndex";s:3:"837";s:6:"number";i:1;s:6:"result";s:1:"Y";s:5:"debug";a:5:{s:7:"command";s:15:"media-move-file";s:6:"number";i:1;s:4:"data";a:3:{s:11:"source_path";s:14:"1472_podcast9/";s:16:"destination_path";s:14:"1472_podcast9/";s:8:"filename";s:8:"rss2.xml";}s:6:"status";s:1:"Y";s:5:"error";s:0:"";}}', '2011-06-24 15:19:10', '2011-06-27 18:30:30', 3, 'N'),
(838, 80, 'transfer-file-to-media-server', 'a:3:{s:11:"source_path";s:19:"1472_podcast9/high/";s:16:"destination_path";s:19:"1472_podcast9/high/";s:8:"filename";s:8:"rss2.xml";}', 'a:4:{s:7:"cqIndex";s:3:"838";s:6:"number";i:1;s:6:"result";s:1:"Y";s:5:"debug";a:5:{s:7:"command";s:15:"media-move-file";s:6:"number";i:1;s:4:"data";a:3:{s:11:"source_path";s:19:"1472_podcast9/high/";s:16:"destination_path";s:19:"1472_podcast9/high/";s:8:"filename";s:8:"rss2.xml";}s:6:"status";s:1:"Y";s:5:"error";s:0:"";}}', '2011-06-24 15:19:10', '2011-06-27 18:30:30', 3, 'N'),
(839, 80, 'transfer-file-to-media-server', 'a:3:{s:11:"source_path";s:23:"1472_podcast9/ipod-all/";s:16:"destination_path";s:23:"1472_podcast9/ipod-all/";s:8:"filename";s:8:"rss2.xml";}', 'a:4:{s:7:"cqIndex";s:3:"839";s:6:"number";i:1;s:6:"result";s:1:"Y";s:5:"debug";a:5:{s:7:"command";s:15:"media-move-file";s:6:"number";i:1;s:4:"data";a:3:{s:11:"source_path";s:23:"1472_podcast9/ipod-all/";s:16:"destination_path";s:23:"1472_podcast9/ipod-all/";s:8:"filename";s:8:"rss2.xml";}s:6:"status";s:1:"Y";s:5:"error";s:0:"";}}', '2011-06-24 15:19:10', '2011-06-27 18:30:31', 3, 'N'),
(840, 80, 'transfer-file-to-media-server', 'a:3:{s:11:"source_path";s:26:"1472_podcast9/desktop-all/";s:16:"destination_path";s:26:"1472_podcast9/desktop-all/";s:8:"filename";s:8:"rss2.xml";}', 'a:4:{s:7:"cqIndex";s:3:"840";s:6:"number";i:1;s:6:"result";s:1:"Y";s:5:"debug";a:5:{s:7:"command";s:15:"media-move-file";s:6:"number";i:1;s:4:"data";a:3:{s:11:"source_path";s:26:"1472_podcast9/desktop-all/";s:16:"destination_path";s:26:"1472_podcast9/desktop-all/";s:8:"filename";s:8:"rss2.xml";}s:6:"status";s:1:"Y";s:5:"error";s:0:"";}}', '2011-06-24 15:19:10', '2011-06-27 18:30:31', 3, 'N'),
(841, 80, 'transfer-file-to-media-server', 'a:3:{s:11:"source_path";s:19:"1472_podcast9/epub/";s:16:"destination_path";s:19:"1472_podcast9/epub/";s:8:"filename";s:8:"rss2.xml";}', 'a:4:{s:7:"cqIndex";s:3:"841";s:6:"number";i:1;s:6:"result";s:1:"Y";s:5:"debug";a:5:{s:7:"command";s:15:"media-move-file";s:6:"number";i:1;s:4:"data";a:3:{s:11:"source_path";s:19:"1472_podcast9/epub/";s:16:"destination_path";s:19:"1472_podcast9/epub/";s:8:"filename";s:8:"rss2.xml";}s:6:"status";s:1:"Y";s:5:"error";s:0:"";}}', '2011-06-24 15:19:10', '2011-06-27 18:30:31', 3, 'N'),
(842, 81, 'transfer-file-to-media-server', 'a:3:{s:11:"source_path";s:16:"1471_itunesstuff";s:16:"destination_path";s:16:"1471_itunesstuff";s:8:"filename";s:20:"1471_itunesstuff.jpg";}', NULL, '2011-06-24 15:20:04', '0000-00-00 00:00:00', 1, 'Y'),
(843, 81, 'transfer-file-to-media-server', 'a:3:{s:11:"source_path";s:16:"1471_itunesstuff";s:16:"destination_path";s:16:"1471_itunesstuff";s:8:"filename";s:24:"1471_itunesstuff_std.jpg";}', NULL, '2011-06-24 15:20:04', '0000-00-00 00:00:00', 1, 'Y'),
(844, 81, 'transfer-file-to-media-server', 'a:3:{s:11:"source_path";s:16:"1471_itunesstuff";s:16:"destination_path";s:16:"1471_itunesstuff";s:8:"filename";s:24:"1471_itunesstuff_thm.jpg";}', NULL, '2011-06-24 15:20:04', '0000-00-00 00:00:00', 1, 'Y'),
(845, 82, 'transfer-file-to-media-server', 'a:3:{s:11:"source_path";s:21:"1471_itunesstuff/3gp/";s:16:"destination_path";s:21:"1471_itunesstuff/3gp/";s:8:"filename";s:8:"rss2.xml";}', NULL, '2011-06-24 15:20:05', '0000-00-00 00:00:00', 1, 'Y'),
(846, 82, 'transfer-file-to-media-server', 'a:3:{s:11:"source_path";s:23:"1471_itunesstuff/audio/";s:16:"destination_path";s:23:"1471_itunesstuff/audio/";s:8:"filename";s:8:"rss2.xml";}', NULL, '2011-06-24 15:20:05', '0000-00-00 00:00:00', 1, 'Y'),
(847, 82, 'transfer-file-to-media-server', 'a:3:{s:11:"source_path";s:25:"1471_itunesstuff/desktop/";s:16:"destination_path";s:25:"1471_itunesstuff/desktop/";s:8:"filename";s:8:"rss2.xml";}', NULL, '2011-06-24 15:20:05', '0000-00-00 00:00:00', 1, 'Y'),
(848, 82, 'transfer-file-to-media-server', 'a:3:{s:11:"source_path";s:20:"1471_itunesstuff/hd/";s:16:"destination_path";s:20:"1471_itunesstuff/hd/";s:8:"filename";s:8:"rss2.xml";}', NULL, '2011-06-24 15:20:05', '0000-00-00 00:00:00', 1, 'Y'),
(849, 82, 'transfer-file-to-media-server', 'a:3:{s:11:"source_path";s:24:"1471_itunesstuff/iphone/";s:16:"destination_path";s:24:"1471_itunesstuff/iphone/";s:8:"filename";s:8:"rss2.xml";}', NULL, '2011-06-24 15:20:05', '0000-00-00 00:00:00', 1, 'Y'),
(850, 82, 'transfer-file-to-media-server', 'a:3:{s:11:"source_path";s:22:"1471_itunesstuff/ipod/";s:16:"destination_path";s:22:"1471_itunesstuff/ipod/";s:8:"filename";s:8:"rss2.xml";}', NULL, '2011-06-24 15:20:05', '0000-00-00 00:00:00', 1, 'Y'),
(851, 82, 'transfer-file-to-media-server', 'a:3:{s:11:"source_path";s:23:"1471_itunesstuff/large/";s:16:"destination_path";s:23:"1471_itunesstuff/large/";s:8:"filename";s:8:"rss2.xml";}', NULL, '2011-06-24 15:20:05', '0000-00-00 00:00:00', 1, 'Y'),
(852, 82, 'transfer-file-to-media-server', 'a:3:{s:11:"source_path";s:28:"1471_itunesstuff/transcript/";s:16:"destination_path";s:28:"1471_itunesstuff/transcript/";s:8:"filename";s:8:"rss2.xml";}', NULL, '2011-06-24 15:20:05', '0000-00-00 00:00:00', 1, 'Y'),
(853, 82, 'transfer-file-to-media-server', 'a:3:{s:11:"source_path";s:25:"1471_itunesstuff/youtube/";s:16:"destination_path";s:25:"1471_itunesstuff/youtube/";s:8:"filename";s:8:"rss2.xml";}', NULL, '2011-06-24 15:20:05', '0000-00-00 00:00:00', 1, 'Y'),
(854, 82, 'transfer-file-to-media-server', 'a:3:{s:11:"source_path";s:23:"1471_itunesstuff/extra/";s:16:"destination_path";s:23:"1471_itunesstuff/extra/";s:8:"filename";s:8:"rss2.xml";}', NULL, '2011-06-24 15:20:05', '0000-00-00 00:00:00', 1, 'Y'),
(855, 82, 'transfer-file-to-media-server', 'a:3:{s:11:"source_path";s:17:"1471_itunesstuff/";s:16:"destination_path";s:17:"1471_itunesstuff/";s:8:"filename";s:8:"rss2.xml";}', NULL, '2011-06-24 15:20:05', '0000-00-00 00:00:00', 1, 'Y'),
(856, 82, 'transfer-file-to-media-server', 'a:3:{s:11:"source_path";s:22:"1471_itunesstuff/high/";s:16:"destination_path";s:22:"1471_itunesstuff/high/";s:8:"filename";s:8:"rss2.xml";}', NULL, '2011-06-24 15:20:05', '0000-00-00 00:00:00', 1, 'Y'),
(857, 82, 'transfer-file-to-media-server', 'a:3:{s:11:"source_path";s:26:"1471_itunesstuff/ipod-all/";s:16:"destination_path";s:26:"1471_itunesstuff/ipod-all/";s:8:"filename";s:8:"rss2.xml";}', NULL, '2011-06-24 15:20:05', '0000-00-00 00:00:00', 1, 'Y'),
(858, 82, 'transfer-file-to-media-server', 'a:3:{s:11:"source_path";s:29:"1471_itunesstuff/desktop-all/";s:16:"destination_path";s:29:"1471_itunesstuff/desktop-all/";s:8:"filename";s:8:"rss2.xml";}', NULL, '2011-06-24 15:20:05', '0000-00-00 00:00:00', 1, 'Y'),
(859, 82, 'transfer-file-to-media-server', 'a:3:{s:11:"source_path";s:22:"1471_itunesstuff/epub/";s:16:"destination_path";s:22:"1471_itunesstuff/epub/";s:8:"filename";s:8:"rss2.xml";}', NULL, '2011-06-24 15:20:05', '0000-00-00 00:00:00', 1, 'Y'),
(860, 83, 'transfer-file-to-media-server', 'a:3:{s:11:"source_path";s:17:"1471_itunesstuff/";s:16:"destination_path";s:17:"1471_itunesstuff/";s:8:"filename";s:20:"1471_itunesstuff.jpg";}', NULL, '2011-06-24 15:21:34', '0000-00-00 00:00:00', 1, 'Y'),
(861, 83, 'transfer-file-to-media-server', 'a:3:{s:11:"source_path";s:17:"1471_itunesstuff/";s:16:"destination_path";s:17:"1471_itunesstuff/";s:8:"filename";s:24:"1471_itunesstuff_std.jpg";}', NULL, '2011-06-24 15:21:34', '0000-00-00 00:00:00', 1, 'Y'),
(862, 83, 'transfer-file-to-media-server', 'a:3:{s:11:"source_path";s:17:"1471_itunesstuff/";s:16:"destination_path";s:17:"1471_itunesstuff/";s:8:"filename";s:24:"1471_itunesstuff_thm.jpg";}', NULL, '2011-06-24 15:21:34', '0000-00-00 00:00:00', 1, 'Y'),
(863, 84, 'transfer-file-to-media-server', 'a:3:{s:11:"source_path";s:21:"1471_itunesstuff/3gp/";s:16:"destination_path";s:21:"1471_itunesstuff/3gp/";s:8:"filename";s:8:"rss2.xml";}', NULL, '2011-06-24 15:21:35', '0000-00-00 00:00:00', 1, 'Y'),
(864, 84, 'transfer-file-to-media-server', 'a:3:{s:11:"source_path";s:23:"1471_itunesstuff/audio/";s:16:"destination_path";s:23:"1471_itunesstuff/audio/";s:8:"filename";s:8:"rss2.xml";}', NULL, '2011-06-24 15:21:35', '0000-00-00 00:00:00', 1, 'Y'),
(865, 84, 'transfer-file-to-media-server', 'a:3:{s:11:"source_path";s:25:"1471_itunesstuff/desktop/";s:16:"destination_path";s:25:"1471_itunesstuff/desktop/";s:8:"filename";s:8:"rss2.xml";}', NULL, '2011-06-24 15:21:35', '0000-00-00 00:00:00', 1, 'Y'),
(866, 84, 'transfer-file-to-media-server', 'a:3:{s:11:"source_path";s:20:"1471_itunesstuff/hd/";s:16:"destination_path";s:20:"1471_itunesstuff/hd/";s:8:"filename";s:8:"rss2.xml";}', NULL, '2011-06-24 15:21:35', '0000-00-00 00:00:00', 1, 'Y'),
(867, 84, 'transfer-file-to-media-server', 'a:3:{s:11:"source_path";s:24:"1471_itunesstuff/iphone/";s:16:"destination_path";s:24:"1471_itunesstuff/iphone/";s:8:"filename";s:8:"rss2.xml";}', NULL, '2011-06-24 15:21:35', '0000-00-00 00:00:00', 1, 'Y'),
(868, 84, 'transfer-file-to-media-server', 'a:3:{s:11:"source_path";s:22:"1471_itunesstuff/ipod/";s:16:"destination_path";s:22:"1471_itunesstuff/ipod/";s:8:"filename";s:8:"rss2.xml";}', NULL, '2011-06-24 15:21:35', '0000-00-00 00:00:00', 1, 'Y'),
(869, 84, 'transfer-file-to-media-server', 'a:3:{s:11:"source_path";s:23:"1471_itunesstuff/large/";s:16:"destination_path";s:23:"1471_itunesstuff/large/";s:8:"filename";s:8:"rss2.xml";}', NULL, '2011-06-24 15:21:35', '0000-00-00 00:00:00', 1, 'Y'),
(870, 84, 'transfer-file-to-media-server', 'a:3:{s:11:"source_path";s:28:"1471_itunesstuff/transcript/";s:16:"destination_path";s:28:"1471_itunesstuff/transcript/";s:8:"filename";s:8:"rss2.xml";}', NULL, '2011-06-24 15:21:35', '0000-00-00 00:00:00', 1, 'Y'),
(871, 84, 'transfer-file-to-media-server', 'a:3:{s:11:"source_path";s:25:"1471_itunesstuff/youtube/";s:16:"destination_path";s:25:"1471_itunesstuff/youtube/";s:8:"filename";s:8:"rss2.xml";}', NULL, '2011-06-24 15:21:35', '0000-00-00 00:00:00', 1, 'Y'),
(872, 84, 'transfer-file-to-media-server', 'a:3:{s:11:"source_path";s:23:"1471_itunesstuff/extra/";s:16:"destination_path";s:23:"1471_itunesstuff/extra/";s:8:"filename";s:8:"rss2.xml";}', NULL, '2011-06-24 15:21:35', '0000-00-00 00:00:00', 1, 'Y'),
(873, 84, 'transfer-file-to-media-server', 'a:3:{s:11:"source_path";s:17:"1471_itunesstuff/";s:16:"destination_path";s:17:"1471_itunesstuff/";s:8:"filename";s:8:"rss2.xml";}', NULL, '2011-06-24 15:21:35', '0000-00-00 00:00:00', 1, 'Y'),
(874, 84, 'transfer-file-to-media-server', 'a:3:{s:11:"source_path";s:22:"1471_itunesstuff/high/";s:16:"destination_path";s:22:"1471_itunesstuff/high/";s:8:"filename";s:8:"rss2.xml";}', NULL, '2011-06-24 15:21:35', '0000-00-00 00:00:00', 1, 'Y'),
(875, 84, 'transfer-file-to-media-server', 'a:3:{s:11:"source_path";s:26:"1471_itunesstuff/ipod-all/";s:16:"destination_path";s:26:"1471_itunesstuff/ipod-all/";s:8:"filename";s:8:"rss2.xml";}', NULL, '2011-06-24 15:21:35', '0000-00-00 00:00:00', 1, 'Y'),
(876, 84, 'transfer-file-to-media-server', 'a:3:{s:11:"source_path";s:29:"1471_itunesstuff/desktop-all/";s:16:"destination_path";s:29:"1471_itunesstuff/desktop-all/";s:8:"filename";s:8:"rss2.xml";}', NULL, '2011-06-24 15:21:35', '0000-00-00 00:00:00', 1, 'Y'),
(877, 84, 'transfer-file-to-media-server', 'a:3:{s:11:"source_path";s:22:"1471_itunesstuff/epub/";s:16:"destination_path";s:22:"1471_itunesstuff/epub/";s:8:"filename";s:8:"rss2.xml";}', NULL, '2011-06-24 15:21:35', '0000-00-00 00:00:00', 1, 'Y'),
(878, 85, 'transfer-file-to-media-server', 's:10:"/.htaccess";', NULL, '2011-06-24 15:30:39', '0000-00-00 00:00:00', 1, 'Y'),
(879, 86, 'delete-file-on-media-server', 'a:2:{s:11:"source_path";s:17:"1471_itunesstuff/";s:9:"file_name";s:9:".htaccess";}', NULL, '2011-06-24 15:42:35', '0000-00-00 00:00:00', 1, 'Y'),
(880, 88, 'delete-file-on-media-server', 'a:2:{s:11:"source_path";s:17:"1471_itunesstuff/";s:9:"file_name";s:9:".htaccess";}', NULL, '2011-06-24 15:43:14', '0000-00-00 00:00:00', 1, 'Y'),
(881, 91, 'transfer-file-to-media-server', 'a:3:{s:11:"source_path";s:15:"1473_test1/3gp/";s:16:"destination_path";s:15:"1473_test1/3gp/";s:8:"filename";s:8:"rss2.xml";}', NULL, '2011-06-24 17:23:30', '0000-00-00 00:00:00', 1, 'Y'),
(882, 91, 'transfer-file-to-media-server', 'a:3:{s:11:"source_path";s:17:"1473_test1/audio/";s:16:"destination_path";s:17:"1473_test1/audio/";s:8:"filename";s:8:"rss2.xml";}', NULL, '2011-06-24 17:23:30', '0000-00-00 00:00:00', 1, 'Y'),
(883, 91, 'transfer-file-to-media-server', 'a:3:{s:11:"source_path";s:19:"1473_test1/desktop/";s:16:"destination_path";s:19:"1473_test1/desktop/";s:8:"filename";s:8:"rss2.xml";}', NULL, '2011-06-24 17:23:30', '0000-00-00 00:00:00', 1, 'Y'),
(884, 91, 'transfer-file-to-media-server', 'a:3:{s:11:"source_path";s:14:"1473_test1/hd/";s:16:"destination_path";s:14:"1473_test1/hd/";s:8:"filename";s:8:"rss2.xml";}', NULL, '2011-06-24 17:23:30', '0000-00-00 00:00:00', 1, 'Y'),
(885, 91, 'transfer-file-to-media-server', 'a:3:{s:11:"source_path";s:18:"1473_test1/iphone/";s:16:"destination_path";s:18:"1473_test1/iphone/";s:8:"filename";s:8:"rss2.xml";}', NULL, '2011-06-24 17:23:30', '0000-00-00 00:00:00', 1, 'Y'),
(886, 91, 'transfer-file-to-media-server', 'a:3:{s:11:"source_path";s:16:"1473_test1/ipod/";s:16:"destination_path";s:16:"1473_test1/ipod/";s:8:"filename";s:8:"rss2.xml";}', NULL, '2011-06-24 17:23:30', '0000-00-00 00:00:00', 1, 'Y'),
(887, 91, 'transfer-file-to-media-server', 'a:3:{s:11:"source_path";s:17:"1473_test1/large/";s:16:"destination_path";s:17:"1473_test1/large/";s:8:"filename";s:8:"rss2.xml";}', NULL, '2011-06-24 17:23:30', '0000-00-00 00:00:00', 1, 'Y'),
(888, 91, 'transfer-file-to-media-server', 'a:3:{s:11:"source_path";s:22:"1473_test1/transcript/";s:16:"destination_path";s:22:"1473_test1/transcript/";s:8:"filename";s:8:"rss2.xml";}', NULL, '2011-06-24 17:23:30', '0000-00-00 00:00:00', 1, 'Y'),
(889, 91, 'transfer-file-to-media-server', 'a:3:{s:11:"source_path";s:19:"1473_test1/youtube/";s:16:"destination_path";s:19:"1473_test1/youtube/";s:8:"filename";s:8:"rss2.xml";}', NULL, '2011-06-24 17:23:30', '0000-00-00 00:00:00', 1, 'Y'),
(890, 91, 'transfer-file-to-media-server', 'a:3:{s:11:"source_path";s:17:"1473_test1/extra/";s:16:"destination_path";s:17:"1473_test1/extra/";s:8:"filename";s:8:"rss2.xml";}', NULL, '2011-06-24 17:23:30', '0000-00-00 00:00:00', 1, 'Y'),
(891, 91, 'transfer-file-to-media-server', 'a:3:{s:11:"source_path";s:11:"1473_test1/";s:16:"destination_path";s:11:"1473_test1/";s:8:"filename";s:8:"rss2.xml";}', NULL, '2011-06-24 17:23:30', '0000-00-00 00:00:00', 1, 'Y'),
(892, 91, 'transfer-file-to-media-server', 'a:3:{s:11:"source_path";s:16:"1473_test1/high/";s:16:"destination_path";s:16:"1473_test1/high/";s:8:"filename";s:8:"rss2.xml";}', NULL, '2011-06-24 17:23:30', '0000-00-00 00:00:00', 1, 'Y'),
(893, 91, 'transfer-file-to-media-server', 'a:3:{s:11:"source_path";s:20:"1473_test1/ipod-all/";s:16:"destination_path";s:20:"1473_test1/ipod-all/";s:8:"filename";s:8:"rss2.xml";}', NULL, '2011-06-24 17:23:30', '0000-00-00 00:00:00', 1, 'Y'),
(894, 91, 'transfer-file-to-media-server', 'a:3:{s:11:"source_path";s:23:"1473_test1/desktop-all/";s:16:"destination_path";s:23:"1473_test1/desktop-all/";s:8:"filename";s:8:"rss2.xml";}', NULL, '2011-06-24 17:23:30', '0000-00-00 00:00:00', 1, 'Y'),
(895, 91, 'transfer-file-to-media-server', 'a:3:{s:11:"source_path";s:16:"1473_test1/epub/";s:16:"destination_path";s:16:"1473_test1/epub/";s:8:"filename";s:8:"rss2.xml";}', NULL, '2011-06-24 17:23:30', '0000-00-00 00:00:00', 1, 'Y'),
(896, 92, 'transfer-file-to-media-server', 'a:3:{s:11:"source_path";s:21:"1471_itunesstuff/3gp/";s:16:"destination_path";s:21:"1471_itunesstuff/3gp/";s:8:"filename";s:8:"rss2.xml";}', NULL, '2011-06-27 09:32:08', '0000-00-00 00:00:00', 1, 'Y'),
(897, 92, 'transfer-file-to-media-server', 'a:3:{s:11:"source_path";s:23:"1471_itunesstuff/audio/";s:16:"destination_path";s:23:"1471_itunesstuff/audio/";s:8:"filename";s:8:"rss2.xml";}', NULL, '2011-06-27 09:32:08', '0000-00-00 00:00:00', 1, 'Y'),
(898, 92, 'transfer-file-to-media-server', 'a:3:{s:11:"source_path";s:25:"1471_itunesstuff/desktop/";s:16:"destination_path";s:25:"1471_itunesstuff/desktop/";s:8:"filename";s:8:"rss2.xml";}', NULL, '2011-06-27 09:32:08', '0000-00-00 00:00:00', 1, 'Y'),
(899, 92, 'transfer-file-to-media-server', 'a:3:{s:11:"source_path";s:20:"1471_itunesstuff/hd/";s:16:"destination_path";s:20:"1471_itunesstuff/hd/";s:8:"filename";s:8:"rss2.xml";}', NULL, '2011-06-27 09:32:08', '0000-00-00 00:00:00', 1, 'Y'),
(900, 92, 'transfer-file-to-media-server', 'a:3:{s:11:"source_path";s:24:"1471_itunesstuff/iphone/";s:16:"destination_path";s:24:"1471_itunesstuff/iphone/";s:8:"filename";s:8:"rss2.xml";}', NULL, '2011-06-27 09:32:08', '0000-00-00 00:00:00', 1, 'Y'),
(901, 92, 'transfer-file-to-media-server', 'a:3:{s:11:"source_path";s:22:"1471_itunesstuff/ipod/";s:16:"destination_path";s:22:"1471_itunesstuff/ipod/";s:8:"filename";s:8:"rss2.xml";}', NULL, '2011-06-27 09:32:08', '0000-00-00 00:00:00', 1, 'Y'),
(902, 92, 'transfer-file-to-media-server', 'a:3:{s:11:"source_path";s:23:"1471_itunesstuff/large/";s:16:"destination_path";s:23:"1471_itunesstuff/large/";s:8:"filename";s:8:"rss2.xml";}', NULL, '2011-06-27 09:32:08', '0000-00-00 00:00:00', 1, 'Y'),
(903, 92, 'transfer-file-to-media-server', 'a:3:{s:11:"source_path";s:28:"1471_itunesstuff/transcript/";s:16:"destination_path";s:28:"1471_itunesstuff/transcript/";s:8:"filename";s:8:"rss2.xml";}', NULL, '2011-06-27 09:32:08', '0000-00-00 00:00:00', 1, 'Y'),
(904, 92, 'transfer-file-to-media-server', 'a:3:{s:11:"source_path";s:25:"1471_itunesstuff/youtube/";s:16:"destination_path";s:25:"1471_itunesstuff/youtube/";s:8:"filename";s:8:"rss2.xml";}', NULL, '2011-06-27 09:32:08', '0000-00-00 00:00:00', 1, 'Y'),
(905, 92, 'transfer-file-to-media-server', 'a:3:{s:11:"source_path";s:23:"1471_itunesstuff/extra/";s:16:"destination_path";s:23:"1471_itunesstuff/extra/";s:8:"filename";s:8:"rss2.xml";}', NULL, '2011-06-27 09:32:08', '0000-00-00 00:00:00', 1, 'Y'),
(906, 92, 'transfer-file-to-media-server', 'a:3:{s:11:"source_path";s:17:"1471_itunesstuff/";s:16:"destination_path";s:17:"1471_itunesstuff/";s:8:"filename";s:8:"rss2.xml";}', NULL, '2011-06-27 09:32:08', '0000-00-00 00:00:00', 1, 'Y'),
(907, 92, 'transfer-file-to-media-server', 'a:3:{s:11:"source_path";s:22:"1471_itunesstuff/high/";s:16:"destination_path";s:22:"1471_itunesstuff/high/";s:8:"filename";s:8:"rss2.xml";}', NULL, '2011-06-27 09:32:08', '0000-00-00 00:00:00', 1, 'Y'),
(908, 92, 'transfer-file-to-media-server', 'a:3:{s:11:"source_path";s:26:"1471_itunesstuff/ipod-all/";s:16:"destination_path";s:26:"1471_itunesstuff/ipod-all/";s:8:"filename";s:8:"rss2.xml";}', NULL, '2011-06-27 09:32:08', '0000-00-00 00:00:00', 1, 'Y'),
(909, 92, 'transfer-file-to-media-server', 'a:3:{s:11:"source_path";s:29:"1471_itunesstuff/desktop-all/";s:16:"destination_path";s:29:"1471_itunesstuff/desktop-all/";s:8:"filename";s:8:"rss2.xml";}', NULL, '2011-06-27 09:32:08', '0000-00-00 00:00:00', 1, 'Y'),
(910, 92, 'transfer-file-to-media-server', 'a:3:{s:11:"source_path";s:22:"1471_itunesstuff/epub/";s:16:"destination_path";s:22:"1471_itunesstuff/epub/";s:8:"filename";s:8:"rss2.xml";}', NULL, '2011-06-27 09:32:08', '0000-00-00 00:00:00', 1, 'Y'),
(911, 93, 'transfer-file-to-media-server', 'a:3:{s:11:"source_path";s:21:"1471_itunesstuff/3gp/";s:16:"destination_path";s:21:"1471_itunesstuff/3gp/";s:8:"filename";s:8:"rss2.xml";}', NULL, '2011-06-27 09:32:17', '0000-00-00 00:00:00', 1, 'Y'),
(912, 93, 'transfer-file-to-media-server', 'a:3:{s:11:"source_path";s:23:"1471_itunesstuff/audio/";s:16:"destination_path";s:23:"1471_itunesstuff/audio/";s:8:"filename";s:8:"rss2.xml";}', NULL, '2011-06-27 09:32:17', '0000-00-00 00:00:00', 1, 'Y'),
(913, 93, 'transfer-file-to-media-server', 'a:3:{s:11:"source_path";s:25:"1471_itunesstuff/desktop/";s:16:"destination_path";s:25:"1471_itunesstuff/desktop/";s:8:"filename";s:8:"rss2.xml";}', NULL, '2011-06-27 09:32:17', '0000-00-00 00:00:00', 1, 'Y'),
(914, 93, 'transfer-file-to-media-server', 'a:3:{s:11:"source_path";s:20:"1471_itunesstuff/hd/";s:16:"destination_path";s:20:"1471_itunesstuff/hd/";s:8:"filename";s:8:"rss2.xml";}', NULL, '2011-06-27 09:32:17', '0000-00-00 00:00:00', 1, 'Y'),
(915, 93, 'transfer-file-to-media-server', 'a:3:{s:11:"source_path";s:24:"1471_itunesstuff/iphone/";s:16:"destination_path";s:24:"1471_itunesstuff/iphone/";s:8:"filename";s:8:"rss2.xml";}', NULL, '2011-06-27 09:32:17', '0000-00-00 00:00:00', 1, 'Y'),
(916, 93, 'transfer-file-to-media-server', 'a:3:{s:11:"source_path";s:22:"1471_itunesstuff/ipod/";s:16:"destination_path";s:22:"1471_itunesstuff/ipod/";s:8:"filename";s:8:"rss2.xml";}', NULL, '2011-06-27 09:32:17', '0000-00-00 00:00:00', 1, 'Y'),
(917, 93, 'transfer-file-to-media-server', 'a:3:{s:11:"source_path";s:23:"1471_itunesstuff/large/";s:16:"destination_path";s:23:"1471_itunesstuff/large/";s:8:"filename";s:8:"rss2.xml";}', NULL, '2011-06-27 09:32:17', '0000-00-00 00:00:00', 1, 'Y'),
(918, 93, 'transfer-file-to-media-server', 'a:3:{s:11:"source_path";s:28:"1471_itunesstuff/transcript/";s:16:"destination_path";s:28:"1471_itunesstuff/transcript/";s:8:"filename";s:8:"rss2.xml";}', NULL, '2011-06-27 09:32:17', '0000-00-00 00:00:00', 1, 'Y'),
(919, 93, 'transfer-file-to-media-server', 'a:3:{s:11:"source_path";s:25:"1471_itunesstuff/youtube/";s:16:"destination_path";s:25:"1471_itunesstuff/youtube/";s:8:"filename";s:8:"rss2.xml";}', NULL, '2011-06-27 09:32:17', '0000-00-00 00:00:00', 1, 'Y'),
(920, 93, 'transfer-file-to-media-server', 'a:3:{s:11:"source_path";s:23:"1471_itunesstuff/extra/";s:16:"destination_path";s:23:"1471_itunesstuff/extra/";s:8:"filename";s:8:"rss2.xml";}', NULL, '2011-06-27 09:32:17', '0000-00-00 00:00:00', 1, 'Y'),
(921, 93, 'transfer-file-to-media-server', 'a:3:{s:11:"source_path";s:17:"1471_itunesstuff/";s:16:"destination_path";s:17:"1471_itunesstuff/";s:8:"filename";s:8:"rss2.xml";}', NULL, '2011-06-27 09:32:17', '0000-00-00 00:00:00', 1, 'Y'),
(922, 93, 'transfer-file-to-media-server', 'a:3:{s:11:"source_path";s:22:"1471_itunesstuff/high/";s:16:"destination_path";s:22:"1471_itunesstuff/high/";s:8:"filename";s:8:"rss2.xml";}', NULL, '2011-06-27 09:32:17', '0000-00-00 00:00:00', 1, 'Y'),
(923, 93, 'transfer-file-to-media-server', 'a:3:{s:11:"source_path";s:26:"1471_itunesstuff/ipod-all/";s:16:"destination_path";s:26:"1471_itunesstuff/ipod-all/";s:8:"filename";s:8:"rss2.xml";}', NULL, '2011-06-27 09:32:17', '0000-00-00 00:00:00', 1, 'Y'),
(924, 93, 'transfer-file-to-media-server', 'a:3:{s:11:"source_path";s:29:"1471_itunesstuff/desktop-all/";s:16:"destination_path";s:29:"1471_itunesstuff/desktop-all/";s:8:"filename";s:8:"rss2.xml";}', NULL, '2011-06-27 09:32:17', '0000-00-00 00:00:00', 1, 'Y'),
(925, 93, 'transfer-file-to-media-server', 'a:3:{s:11:"source_path";s:22:"1471_itunesstuff/epub/";s:16:"destination_path";s:22:"1471_itunesstuff/epub/";s:8:"filename";s:8:"rss2.xml";}', NULL, '2011-06-27 09:32:17', '0000-00-00 00:00:00', 1, 'Y'),
(926, 94, 'transfer-file-to-media-server', 'a:3:{s:11:"source_path";s:30:"1469_comicstripcharacters/3gp/";s:16:"destination_path";s:30:"1469_comicstripcharacters/3gp/";s:8:"filename";s:8:"rss2.xml";}', NULL, '2011-06-27 09:32:19', '0000-00-00 00:00:00', 1, 'Y'),
(927, 94, 'transfer-file-to-media-server', 'a:3:{s:11:"source_path";s:32:"1469_comicstripcharacters/audio/";s:16:"destination_path";s:32:"1469_comicstripcharacters/audio/";s:8:"filename";s:8:"rss2.xml";}', NULL, '2011-06-27 09:32:19', '0000-00-00 00:00:00', 1, 'Y'),
(928, 94, 'transfer-file-to-media-server', 'a:3:{s:11:"source_path";s:34:"1469_comicstripcharacters/desktop/";s:16:"destination_path";s:34:"1469_comicstripcharacters/desktop/";s:8:"filename";s:8:"rss2.xml";}', NULL, '2011-06-27 09:32:19', '0000-00-00 00:00:00', 1, 'Y'),
(929, 94, 'transfer-file-to-media-server', 'a:3:{s:11:"source_path";s:29:"1469_comicstripcharacters/hd/";s:16:"destination_path";s:29:"1469_comicstripcharacters/hd/";s:8:"filename";s:8:"rss2.xml";}', NULL, '2011-06-27 09:32:19', '0000-00-00 00:00:00', 1, 'Y'),
(930, 94, 'transfer-file-to-media-server', 'a:3:{s:11:"source_path";s:33:"1469_comicstripcharacters/iphone/";s:16:"destination_path";s:33:"1469_comicstripcharacters/iphone/";s:8:"filename";s:8:"rss2.xml";}', NULL, '2011-06-27 09:32:19', '0000-00-00 00:00:00', 1, 'Y'),
(931, 94, 'transfer-file-to-media-server', 'a:3:{s:11:"source_path";s:31:"1469_comicstripcharacters/ipod/";s:16:"destination_path";s:31:"1469_comicstripcharacters/ipod/";s:8:"filename";s:8:"rss2.xml";}', NULL, '2011-06-27 09:32:19', '0000-00-00 00:00:00', 1, 'Y'),
(932, 94, 'transfer-file-to-media-server', 'a:3:{s:11:"source_path";s:32:"1469_comicstripcharacters/large/";s:16:"destination_path";s:32:"1469_comicstripcharacters/large/";s:8:"filename";s:8:"rss2.xml";}', NULL, '2011-06-27 09:32:19', '0000-00-00 00:00:00', 1, 'Y'),
(933, 94, 'transfer-file-to-media-server', 'a:3:{s:11:"source_path";s:37:"1469_comicstripcharacters/transcript/";s:16:"destination_path";s:37:"1469_comicstripcharacters/transcript/";s:8:"filename";s:8:"rss2.xml";}', NULL, '2011-06-27 09:32:19', '0000-00-00 00:00:00', 1, 'Y'),
(934, 94, 'transfer-file-to-media-server', 'a:3:{s:11:"source_path";s:34:"1469_comicstripcharacters/youtube/";s:16:"destination_path";s:34:"1469_comicstripcharacters/youtube/";s:8:"filename";s:8:"rss2.xml";}', NULL, '2011-06-27 09:32:19', '0000-00-00 00:00:00', 1, 'Y'),
(935, 94, 'transfer-file-to-media-server', 'a:3:{s:11:"source_path";s:32:"1469_comicstripcharacters/extra/";s:16:"destination_path";s:32:"1469_comicstripcharacters/extra/";s:8:"filename";s:8:"rss2.xml";}', NULL, '2011-06-27 09:32:19', '0000-00-00 00:00:00', 1, 'Y'),
(936, 94, 'transfer-file-to-media-server', 'a:3:{s:11:"source_path";s:26:"1469_comicstripcharacters/";s:16:"destination_path";s:26:"1469_comicstripcharacters/";s:8:"filename";s:8:"rss2.xml";}', NULL, '2011-06-27 09:32:19', '0000-00-00 00:00:00', 1, 'Y'),
(937, 94, 'transfer-file-to-media-server', 'a:3:{s:11:"source_path";s:31:"1469_comicstripcharacters/high/";s:16:"destination_path";s:31:"1469_comicstripcharacters/high/";s:8:"filename";s:8:"rss2.xml";}', NULL, '2011-06-27 09:32:19', '0000-00-00 00:00:00', 1, 'Y'),
(938, 94, 'transfer-file-to-media-server', 'a:3:{s:11:"source_path";s:35:"1469_comicstripcharacters/ipod-all/";s:16:"destination_path";s:35:"1469_comicstripcharacters/ipod-all/";s:8:"filename";s:8:"rss2.xml";}', NULL, '2011-06-27 09:32:19', '0000-00-00 00:00:00', 1, 'Y'),
(939, 94, 'transfer-file-to-media-server', 'a:3:{s:11:"source_path";s:38:"1469_comicstripcharacters/desktop-all/";s:16:"destination_path";s:38:"1469_comicstripcharacters/desktop-all/";s:8:"filename";s:8:"rss2.xml";}', NULL, '2011-06-27 09:32:19', '0000-00-00 00:00:00', 1, 'Y'),
(940, 94, 'transfer-file-to-media-server', 'a:3:{s:11:"source_path";s:31:"1469_comicstripcharacters/epub/";s:16:"destination_path";s:31:"1469_comicstripcharacters/epub/";s:8:"filename";s:8:"rss2.xml";}', NULL, '2011-06-27 09:32:19', '0000-00-00 00:00:00', 1, 'Y'),
(941, 97, 'delete-folder-on-media-server', 'a:1:{s:11:"source_path";s:1:"/";}', NULL, '2011-06-27 09:40:40', '0000-00-00 00:00:00', 1, 'Y'),
(942, 98, 'transfer-file-to-media-server', 'a:3:{s:11:"source_path";s:15:"1473_test1/3gp/";s:16:"destination_path";s:15:"1473_test1/3gp/";s:8:"filename";s:8:"rss2.xml";}', NULL, '2011-06-27 09:41:00', '0000-00-00 00:00:00', 1, 'Y'),
(943, 98, 'transfer-file-to-media-server', 'a:3:{s:11:"source_path";s:17:"1473_test1/audio/";s:16:"destination_path";s:17:"1473_test1/audio/";s:8:"filename";s:8:"rss2.xml";}', NULL, '2011-06-27 09:41:00', '0000-00-00 00:00:00', 1, 'Y'),
(944, 98, 'transfer-file-to-media-server', 'a:3:{s:11:"source_path";s:19:"1473_test1/desktop/";s:16:"destination_path";s:19:"1473_test1/desktop/";s:8:"filename";s:8:"rss2.xml";}', NULL, '2011-06-27 09:41:00', '0000-00-00 00:00:00', 1, 'Y'),
(945, 98, 'transfer-file-to-media-server', 'a:3:{s:11:"source_path";s:14:"1473_test1/hd/";s:16:"destination_path";s:14:"1473_test1/hd/";s:8:"filename";s:8:"rss2.xml";}', NULL, '2011-06-27 09:41:00', '0000-00-00 00:00:00', 1, 'Y'),
(946, 98, 'transfer-file-to-media-server', 'a:3:{s:11:"source_path";s:18:"1473_test1/iphone/";s:16:"destination_path";s:18:"1473_test1/iphone/";s:8:"filename";s:8:"rss2.xml";}', NULL, '2011-06-27 09:41:00', '0000-00-00 00:00:00', 1, 'Y'),
(947, 98, 'transfer-file-to-media-server', 'a:3:{s:11:"source_path";s:16:"1473_test1/ipod/";s:16:"destination_path";s:16:"1473_test1/ipod/";s:8:"filename";s:8:"rss2.xml";}', NULL, '2011-06-27 09:41:00', '0000-00-00 00:00:00', 1, 'Y'),
(948, 98, 'transfer-file-to-media-server', 'a:3:{s:11:"source_path";s:17:"1473_test1/large/";s:16:"destination_path";s:17:"1473_test1/large/";s:8:"filename";s:8:"rss2.xml";}', NULL, '2011-06-27 09:41:00', '0000-00-00 00:00:00', 1, 'Y'),
(949, 98, 'transfer-file-to-media-server', 'a:3:{s:11:"source_path";s:22:"1473_test1/transcript/";s:16:"destination_path";s:22:"1473_test1/transcript/";s:8:"filename";s:8:"rss2.xml";}', NULL, '2011-06-27 09:41:00', '0000-00-00 00:00:00', 1, 'Y'),
(950, 98, 'transfer-file-to-media-server', 'a:3:{s:11:"source_path";s:19:"1473_test1/youtube/";s:16:"destination_path";s:19:"1473_test1/youtube/";s:8:"filename";s:8:"rss2.xml";}', NULL, '2011-06-27 09:41:00', '0000-00-00 00:00:00', 1, 'Y'),
(951, 98, 'transfer-file-to-media-server', 'a:3:{s:11:"source_path";s:17:"1473_test1/extra/";s:16:"destination_path";s:17:"1473_test1/extra/";s:8:"filename";s:8:"rss2.xml";}', NULL, '2011-06-27 09:41:00', '0000-00-00 00:00:00', 1, 'Y'),
(952, 98, 'transfer-file-to-media-server', 'a:3:{s:11:"source_path";s:11:"1473_test1/";s:16:"destination_path";s:11:"1473_test1/";s:8:"filename";s:8:"rss2.xml";}', NULL, '2011-06-27 09:41:00', '0000-00-00 00:00:00', 1, 'Y'),
(953, 98, 'transfer-file-to-media-server', 'a:3:{s:11:"source_path";s:16:"1473_test1/high/";s:16:"destination_path";s:16:"1473_test1/high/";s:8:"filename";s:8:"rss2.xml";}', NULL, '2011-06-27 09:41:00', '0000-00-00 00:00:00', 1, 'Y'),
(954, 98, 'transfer-file-to-media-server', 'a:3:{s:11:"source_path";s:20:"1473_test1/ipod-all/";s:16:"destination_path";s:20:"1473_test1/ipod-all/";s:8:"filename";s:8:"rss2.xml";}', NULL, '2011-06-27 09:41:00', '0000-00-00 00:00:00', 1, 'Y'),
(955, 98, 'transfer-file-to-media-server', 'a:3:{s:11:"source_path";s:23:"1473_test1/desktop-all/";s:16:"destination_path";s:23:"1473_test1/desktop-all/";s:8:"filename";s:8:"rss2.xml";}', NULL, '2011-06-27 09:41:00', '0000-00-00 00:00:00', 1, 'Y'),
(956, 98, 'transfer-file-to-media-server', 'a:3:{s:11:"source_path";s:16:"1473_test1/epub/";s:16:"destination_path";s:16:"1473_test1/epub/";s:8:"filename";s:8:"rss2.xml";}', NULL, '2011-06-27 09:41:00', '0000-00-00 00:00:00', 1, 'Y'),
(957, 99, 'transfer-file-to-media-server', 'a:3:{s:11:"source_path";s:18:"1472_podcast9/3gp/";s:16:"destination_path";s:18:"1472_podcast9/3gp/";s:8:"filename";s:8:"rss2.xml";}', NULL, '2011-06-27 09:41:02', '0000-00-00 00:00:00', 1, 'Y'),
(958, 99, 'transfer-file-to-media-server', 'a:3:{s:11:"source_path";s:20:"1472_podcast9/audio/";s:16:"destination_path";s:20:"1472_podcast9/audio/";s:8:"filename";s:8:"rss2.xml";}', NULL, '2011-06-27 09:41:02', '0000-00-00 00:00:00', 1, 'Y'),
(959, 99, 'transfer-file-to-media-server', 'a:3:{s:11:"source_path";s:22:"1472_podcast9/desktop/";s:16:"destination_path";s:22:"1472_podcast9/desktop/";s:8:"filename";s:8:"rss2.xml";}', NULL, '2011-06-27 09:41:02', '0000-00-00 00:00:00', 1, 'Y'),
(960, 99, 'transfer-file-to-media-server', 'a:3:{s:11:"source_path";s:17:"1472_podcast9/hd/";s:16:"destination_path";s:17:"1472_podcast9/hd/";s:8:"filename";s:8:"rss2.xml";}', NULL, '2011-06-27 09:41:02', '0000-00-00 00:00:00', 1, 'Y'),
(961, 99, 'transfer-file-to-media-server', 'a:3:{s:11:"source_path";s:21:"1472_podcast9/iphone/";s:16:"destination_path";s:21:"1472_podcast9/iphone/";s:8:"filename";s:8:"rss2.xml";}', NULL, '2011-06-27 09:41:02', '0000-00-00 00:00:00', 1, 'Y'),
(962, 99, 'transfer-file-to-media-server', 'a:3:{s:11:"source_path";s:19:"1472_podcast9/ipod/";s:16:"destination_path";s:19:"1472_podcast9/ipod/";s:8:"filename";s:8:"rss2.xml";}', NULL, '2011-06-27 09:41:02', '0000-00-00 00:00:00', 1, 'Y'),
(963, 99, 'transfer-file-to-media-server', 'a:3:{s:11:"source_path";s:20:"1472_podcast9/large/";s:16:"destination_path";s:20:"1472_podcast9/large/";s:8:"filename";s:8:"rss2.xml";}', NULL, '2011-06-27 09:41:02', '0000-00-00 00:00:00', 1, 'Y'),
(964, 99, 'transfer-file-to-media-server', 'a:3:{s:11:"source_path";s:25:"1472_podcast9/transcript/";s:16:"destination_path";s:25:"1472_podcast9/transcript/";s:8:"filename";s:8:"rss2.xml";}', NULL, '2011-06-27 09:41:02', '0000-00-00 00:00:00', 1, 'Y'),
(965, 99, 'transfer-file-to-media-server', 'a:3:{s:11:"source_path";s:22:"1472_podcast9/youtube/";s:16:"destination_path";s:22:"1472_podcast9/youtube/";s:8:"filename";s:8:"rss2.xml";}', NULL, '2011-06-27 09:41:02', '0000-00-00 00:00:00', 1, 'Y'),
(966, 99, 'transfer-file-to-media-server', 'a:3:{s:11:"source_path";s:20:"1472_podcast9/extra/";s:16:"destination_path";s:20:"1472_podcast9/extra/";s:8:"filename";s:8:"rss2.xml";}', NULL, '2011-06-27 09:41:02', '0000-00-00 00:00:00', 1, 'Y'),
(967, 99, 'transfer-file-to-media-server', 'a:3:{s:11:"source_path";s:14:"1472_podcast9/";s:16:"destination_path";s:14:"1472_podcast9/";s:8:"filename";s:8:"rss2.xml";}', NULL, '2011-06-27 09:41:02', '0000-00-00 00:00:00', 1, 'Y'),
(968, 99, 'transfer-file-to-media-server', 'a:3:{s:11:"source_path";s:19:"1472_podcast9/high/";s:16:"destination_path";s:19:"1472_podcast9/high/";s:8:"filename";s:8:"rss2.xml";}', NULL, '2011-06-27 09:41:02', '0000-00-00 00:00:00', 1, 'Y'),
(969, 99, 'transfer-file-to-media-server', 'a:3:{s:11:"source_path";s:23:"1472_podcast9/ipod-all/";s:16:"destination_path";s:23:"1472_podcast9/ipod-all/";s:8:"filename";s:8:"rss2.xml";}', NULL, '2011-06-27 09:41:02', '0000-00-00 00:00:00', 1, 'Y'),
(970, 99, 'transfer-file-to-media-server', 'a:3:{s:11:"source_path";s:26:"1472_podcast9/desktop-all/";s:16:"destination_path";s:26:"1472_podcast9/desktop-all/";s:8:"filename";s:8:"rss2.xml";}', NULL, '2011-06-27 09:41:02', '0000-00-00 00:00:00', 1, 'Y'),
(971, 99, 'transfer-file-to-media-server', 'a:3:{s:11:"source_path";s:19:"1472_podcast9/epub/";s:16:"destination_path";s:19:"1472_podcast9/epub/";s:8:"filename";s:8:"rss2.xml";}', NULL, '2011-06-27 09:41:02', '0000-00-00 00:00:00', 1, 'Y'),
(972, 100, 'transfer-file-to-media-server', 'a:3:{s:11:"source_path";s:21:"1471_itunesstuff/3gp/";s:16:"destination_path";s:21:"1471_itunesstuff/3gp/";s:8:"filename";s:8:"rss2.xml";}', NULL, '2011-06-27 09:41:03', '0000-00-00 00:00:00', 1, 'Y'),
(973, 100, 'transfer-file-to-media-server', 'a:3:{s:11:"source_path";s:23:"1471_itunesstuff/audio/";s:16:"destination_path";s:23:"1471_itunesstuff/audio/";s:8:"filename";s:8:"rss2.xml";}', NULL, '2011-06-27 09:41:03', '0000-00-00 00:00:00', 1, 'Y'),
(974, 100, 'transfer-file-to-media-server', 'a:3:{s:11:"source_path";s:25:"1471_itunesstuff/desktop/";s:16:"destination_path";s:25:"1471_itunesstuff/desktop/";s:8:"filename";s:8:"rss2.xml";}', NULL, '2011-06-27 09:41:03', '0000-00-00 00:00:00', 1, 'Y'),
(975, 100, 'transfer-file-to-media-server', 'a:3:{s:11:"source_path";s:20:"1471_itunesstuff/hd/";s:16:"destination_path";s:20:"1471_itunesstuff/hd/";s:8:"filename";s:8:"rss2.xml";}', NULL, '2011-06-27 09:41:03', '0000-00-00 00:00:00', 1, 'Y'),
(976, 100, 'transfer-file-to-media-server', 'a:3:{s:11:"source_path";s:24:"1471_itunesstuff/iphone/";s:16:"destination_path";s:24:"1471_itunesstuff/iphone/";s:8:"filename";s:8:"rss2.xml";}', NULL, '2011-06-27 09:41:03', '0000-00-00 00:00:00', 1, 'Y'),
(977, 100, 'transfer-file-to-media-server', 'a:3:{s:11:"source_path";s:22:"1471_itunesstuff/ipod/";s:16:"destination_path";s:22:"1471_itunesstuff/ipod/";s:8:"filename";s:8:"rss2.xml";}', NULL, '2011-06-27 09:41:03', '0000-00-00 00:00:00', 1, 'Y'),
(978, 100, 'transfer-file-to-media-server', 'a:3:{s:11:"source_path";s:23:"1471_itunesstuff/large/";s:16:"destination_path";s:23:"1471_itunesstuff/large/";s:8:"filename";s:8:"rss2.xml";}', NULL, '2011-06-27 09:41:03', '0000-00-00 00:00:00', 1, 'Y'),
(979, 100, 'transfer-file-to-media-server', 'a:3:{s:11:"source_path";s:28:"1471_itunesstuff/transcript/";s:16:"destination_path";s:28:"1471_itunesstuff/transcript/";s:8:"filename";s:8:"rss2.xml";}', NULL, '2011-06-27 09:41:03', '0000-00-00 00:00:00', 1, 'Y'),
(980, 100, 'transfer-file-to-media-server', 'a:3:{s:11:"source_path";s:25:"1471_itunesstuff/youtube/";s:16:"destination_path";s:25:"1471_itunesstuff/youtube/";s:8:"filename";s:8:"rss2.xml";}', NULL, '2011-06-27 09:41:03', '0000-00-00 00:00:00', 1, 'Y'),
(981, 100, 'transfer-file-to-media-server', 'a:3:{s:11:"source_path";s:23:"1471_itunesstuff/extra/";s:16:"destination_path";s:23:"1471_itunesstuff/extra/";s:8:"filename";s:8:"rss2.xml";}', NULL, '2011-06-27 09:41:03', '0000-00-00 00:00:00', 1, 'Y'),
(982, 100, 'transfer-file-to-media-server', 'a:3:{s:11:"source_path";s:17:"1471_itunesstuff/";s:16:"destination_path";s:17:"1471_itunesstuff/";s:8:"filename";s:8:"rss2.xml";}', NULL, '2011-06-27 09:41:03', '0000-00-00 00:00:00', 1, 'Y'),
(983, 100, 'transfer-file-to-media-server', 'a:3:{s:11:"source_path";s:22:"1471_itunesstuff/high/";s:16:"destination_path";s:22:"1471_itunesstuff/high/";s:8:"filename";s:8:"rss2.xml";}', NULL, '2011-06-27 09:41:03', '0000-00-00 00:00:00', 1, 'Y'),
(984, 100, 'transfer-file-to-media-server', 'a:3:{s:11:"source_path";s:26:"1471_itunesstuff/ipod-all/";s:16:"destination_path";s:26:"1471_itunesstuff/ipod-all/";s:8:"filename";s:8:"rss2.xml";}', NULL, '2011-06-27 09:41:03', '0000-00-00 00:00:00', 1, 'Y'),
(985, 100, 'transfer-file-to-media-server', 'a:3:{s:11:"source_path";s:29:"1471_itunesstuff/desktop-all/";s:16:"destination_path";s:29:"1471_itunesstuff/desktop-all/";s:8:"filename";s:8:"rss2.xml";}', NULL, '2011-06-27 09:41:03', '0000-00-00 00:00:00', 1, 'Y'),
(986, 100, 'transfer-file-to-media-server', 'a:3:{s:11:"source_path";s:22:"1471_itunesstuff/epub/";s:16:"destination_path";s:22:"1471_itunesstuff/epub/";s:8:"filename";s:8:"rss2.xml";}', NULL, '2011-06-27 09:41:03', '0000-00-00 00:00:00', 1, 'Y'),
(987, 101, 'transfer-file-to-media-server', 'a:3:{s:11:"source_path";s:30:"1469_comicstripcharacters/3gp/";s:16:"destination_path";s:30:"1469_comicstripcharacters/3gp/";s:8:"filename";s:8:"rss2.xml";}', NULL, '2011-06-27 09:41:05', '0000-00-00 00:00:00', 1, 'Y'),
(988, 101, 'transfer-file-to-media-server', 'a:3:{s:11:"source_path";s:32:"1469_comicstripcharacters/audio/";s:16:"destination_path";s:32:"1469_comicstripcharacters/audio/";s:8:"filename";s:8:"rss2.xml";}', NULL, '2011-06-27 09:41:05', '0000-00-00 00:00:00', 1, 'Y'),
(989, 101, 'transfer-file-to-media-server', 'a:3:{s:11:"source_path";s:34:"1469_comicstripcharacters/desktop/";s:16:"destination_path";s:34:"1469_comicstripcharacters/desktop/";s:8:"filename";s:8:"rss2.xml";}', NULL, '2011-06-27 09:41:05', '0000-00-00 00:00:00', 1, 'Y'),
(990, 101, 'transfer-file-to-media-server', 'a:3:{s:11:"source_path";s:29:"1469_comicstripcharacters/hd/";s:16:"destination_path";s:29:"1469_comicstripcharacters/hd/";s:8:"filename";s:8:"rss2.xml";}', NULL, '2011-06-27 09:41:05', '0000-00-00 00:00:00', 1, 'Y'),
(991, 101, 'transfer-file-to-media-server', 'a:3:{s:11:"source_path";s:33:"1469_comicstripcharacters/iphone/";s:16:"destination_path";s:33:"1469_comicstripcharacters/iphone/";s:8:"filename";s:8:"rss2.xml";}', NULL, '2011-06-27 09:41:05', '0000-00-00 00:00:00', 1, 'Y'),
(992, 101, 'transfer-file-to-media-server', 'a:3:{s:11:"source_path";s:31:"1469_comicstripcharacters/ipod/";s:16:"destination_path";s:31:"1469_comicstripcharacters/ipod/";s:8:"filename";s:8:"rss2.xml";}', NULL, '2011-06-27 09:41:05', '0000-00-00 00:00:00', 1, 'Y'),
(993, 101, 'transfer-file-to-media-server', 'a:3:{s:11:"source_path";s:32:"1469_comicstripcharacters/large/";s:16:"destination_path";s:32:"1469_comicstripcharacters/large/";s:8:"filename";s:8:"rss2.xml";}', NULL, '2011-06-27 09:41:05', '0000-00-00 00:00:00', 1, 'Y'),
(994, 101, 'transfer-file-to-media-server', 'a:3:{s:11:"source_path";s:37:"1469_comicstripcharacters/transcript/";s:16:"destination_path";s:37:"1469_comicstripcharacters/transcript/";s:8:"filename";s:8:"rss2.xml";}', NULL, '2011-06-27 09:41:05', '0000-00-00 00:00:00', 1, 'Y'),
(995, 101, 'transfer-file-to-media-server', 'a:3:{s:11:"source_path";s:34:"1469_comicstripcharacters/youtube/";s:16:"destination_path";s:34:"1469_comicstripcharacters/youtube/";s:8:"filename";s:8:"rss2.xml";}', NULL, '2011-06-27 09:41:05', '0000-00-00 00:00:00', 1, 'Y'),
(996, 101, 'transfer-file-to-media-server', 'a:3:{s:11:"source_path";s:32:"1469_comicstripcharacters/extra/";s:16:"destination_path";s:32:"1469_comicstripcharacters/extra/";s:8:"filename";s:8:"rss2.xml";}', NULL, '2011-06-27 09:41:05', '0000-00-00 00:00:00', 1, 'Y'),
(997, 101, 'transfer-file-to-media-server', 'a:3:{s:11:"source_path";s:26:"1469_comicstripcharacters/";s:16:"destination_path";s:26:"1469_comicstripcharacters/";s:8:"filename";s:8:"rss2.xml";}', NULL, '2011-06-27 09:41:05', '0000-00-00 00:00:00', 1, 'Y'),
(998, 101, 'transfer-file-to-media-server', 'a:3:{s:11:"source_path";s:31:"1469_comicstripcharacters/high/";s:16:"destination_path";s:31:"1469_comicstripcharacters/high/";s:8:"filename";s:8:"rss2.xml";}', NULL, '2011-06-27 09:41:05', '0000-00-00 00:00:00', 1, 'Y'),
(999, 101, 'transfer-file-to-media-server', 'a:3:{s:11:"source_path";s:35:"1469_comicstripcharacters/ipod-all/";s:16:"destination_path";s:35:"1469_comicstripcharacters/ipod-all/";s:8:"filename";s:8:"rss2.xml";}', NULL, '2011-06-27 09:41:05', '0000-00-00 00:00:00', 1, 'Y'),
(1000, 101, 'transfer-file-to-media-server', 'a:3:{s:11:"source_path";s:38:"1469_comicstripcharacters/desktop-all/";s:16:"destination_path";s:38:"1469_comicstripcharacters/desktop-all/";s:8:"filename";s:8:"rss2.xml";}', NULL, '2011-06-27 09:41:05', '0000-00-00 00:00:00', 1, 'Y'),
(1001, 101, 'transfer-file-to-media-server', 'a:3:{s:11:"source_path";s:31:"1469_comicstripcharacters/epub/";s:16:"destination_path";s:31:"1469_comicstripcharacters/epub/";s:8:"filename";s:8:"rss2.xml";}', NULL, '2011-06-27 09:41:05', '0000-00-00 00:00:00', 1, 'Y'),
(1002, 109, 'transfer-file-to-media-server', 'a:3:{s:11:"source_path";s:21:"1477_test2forcharles/";s:16:"destination_path";s:21:"1477_test2forcharles/";s:8:"filename";s:36:"MEDIA_12540_1477_test2forcharles.jpg";}', NULL, '2011-06-27 13:24:33', '0000-00-00 00:00:00', 1, 'Y'),
(1003, 109, 'transfer-file-to-media-server', 'a:3:{s:11:"source_path";s:21:"1477_test2forcharles/";s:16:"destination_path";s:21:"1477_test2forcharles/";s:8:"filename";s:40:"MEDIA_12540_1477_test2forcharles_std.jpg";}', NULL, '2011-06-27 13:24:33', '0000-00-00 00:00:00', 1, 'Y'),
(1004, 109, 'transfer-file-to-media-server', 'a:3:{s:11:"source_path";s:21:"1477_test2forcharles/";s:16:"destination_path";s:21:"1477_test2forcharles/";s:8:"filename";s:40:"MEDIA_12540_1477_test2forcharles_thm.jpg";}', NULL, '2011-06-27 13:24:33', '0000-00-00 00:00:00', 1, 'Y'),
(1005, 110, 'transfer-file-to-media-server', 'a:3:{s:11:"source_path";s:21:"1477_test2forcharles/";s:16:"destination_path";s:21:"1477_test2forcharles/";s:8:"filename";s:36:"MEDIA_12540_1477_test2forcharles.jpg";}', NULL, '2011-06-27 13:27:58', '0000-00-00 00:00:00', 1, 'Y'),
(1006, 110, 'transfer-file-to-media-server', 'a:3:{s:11:"source_path";s:21:"1477_test2forcharles/";s:16:"destination_path";s:21:"1477_test2forcharles/";s:8:"filename";s:40:"MEDIA_12540_1477_test2forcharles_std.jpg";}', NULL, '2011-06-27 13:27:58', '0000-00-00 00:00:00', 1, 'Y'),
(1007, 110, 'transfer-file-to-media-server', 'a:3:{s:11:"source_path";s:21:"1477_test2forcharles/";s:16:"destination_path";s:21:"1477_test2forcharles/";s:8:"filename";s:40:"MEDIA_12540_1477_test2forcharles_thm.jpg";}', NULL, '2011-06-27 13:27:58', '0000-00-00 00:00:00', 1, 'Y');

-- --------------------------------------------------------

--
-- Table structure for table `queue_messages`
--

CREATE TABLE IF NOT EXISTS `queue_messages` (
  `mq_index` int(10) NOT NULL AUTO_INCREMENT,
  `mq_command` varchar(50) COLLATE utf8_unicode_ci DEFAULT NULL,
  `mq_number` int(10) NOT NULL,
  `mq_time_start` datetime DEFAULT NULL,
  `mq_time_complete` datetime DEFAULT NULL,
  `mq_status` enum('Y','N') COLLATE utf8_unicode_ci DEFAULT NULL,
  PRIMARY KEY (`mq_index`)
) ENGINE=InnoDB  DEFAULT CHARSET=utf8 COLLATE=utf8_unicode_ci ROW_FORMAT=COMPACT AUTO_INCREMENT=111 ;

--
-- Dumping data for table `queue_messages`
--

INSERT INTO `queue_messages` (`mq_index`, `mq_command`, `mq_number`, `mq_time_start`, `mq_time_complete`, `mq_status`) VALUES
(80, 'transfer-file-to-media-server', 15, '2011-06-24 15:19:10', NULL, 'N'),
(81, 'transfer-file-to-media-server', 0, '2011-06-24 15:20:04', NULL, 'Y'),
(82, 'transfer-file-to-media-server', 0, '2011-06-24 15:20:05', NULL, 'Y'),
(83, 'transfer-file-to-media-server', 0, '2011-06-24 15:21:34', NULL, 'Y'),
(84, 'transfer-file-to-media-server', 0, '2011-06-24 15:21:35', NULL, 'Y'),
(85, 'transfer-file-to-media-server', 0, '2011-06-24 15:30:39', NULL, 'Y'),
(86, 'delete-file-on-media-server', 0, '2011-06-24 15:42:35', NULL, 'Y'),
(87, 'transfer-file-to-media-server', 0, '2011-06-24 15:42:46', NULL, 'Y'),
(88, 'delete-file-on-media-server', 0, '2011-06-24 15:43:14', NULL, 'Y'),
(89, 'transcode-media', 0, '2011-06-24 16:57:01', NULL, 'Y'),
(90, 'transcode-media', 0, '2011-06-24 17:02:23', NULL, 'Y'),
(91, 'transfer-file-to-media-server', 0, '2011-06-24 17:23:30', NULL, 'Y'),
(92, 'transfer-file-to-media-server', 0, '2011-06-27 09:32:08', NULL, 'Y'),
(93, 'transfer-file-to-media-server', 0, '2011-06-27 09:32:17', NULL, 'Y'),
(94, 'transfer-file-to-media-server', 0, '2011-06-27 09:32:19', NULL, 'Y'),
(95, 'transfer-file-to-media-server', 0, '2011-06-27 09:37:25', NULL, 'Y'),
(96, 'transfer-file-to-media-server', 0, '2011-06-27 09:38:23', NULL, 'Y'),
(97, 'delete-folder-on-media-server', 0, '2011-06-27 09:40:40', NULL, 'Y'),
(98, 'transfer-file-to-media-server', 0, '2011-06-27 09:41:00', NULL, 'Y'),
(99, 'transfer-file-to-media-server', 0, '2011-06-27 09:41:02', NULL, 'Y'),
(100, 'transfer-file-to-media-server', 0, '2011-06-27 09:41:03', NULL, 'Y'),
(101, 'transfer-file-to-media-server', 0, '2011-06-27 09:41:05', NULL, 'Y'),
(102, 'transcode-media', 0, '2011-06-27 10:02:34', NULL, 'Y'),
(103, 'transcode-media', 0, '2011-06-27 10:06:56', NULL, 'Y'),
(104, 'transcode-media', 0, '2011-06-27 10:19:43', NULL, 'Y'),
(105, 'transcode-media', 0, '2011-06-27 10:21:53', NULL, 'Y'),
(106, 'transcode-media', 0, '2011-06-27 10:23:55', NULL, 'Y'),
(107, 'delete-file-on-media-server', 0, '2011-06-27 12:05:10', NULL, 'Y'),
(108, 'delete-file-on-media-server', 0, '2011-06-27 12:05:17', NULL, 'Y'),
(109, 'transfer-file-to-media-server', 0, '2011-06-27 13:24:33', NULL, 'Y'),
(110, 'transfer-file-to-media-server', 0, '2011-06-27 13:27:58', NULL, 'Y');
